,Unnamed: 0,Vote
0,2595,10
1,5011,9
2,8723,10
3,5598,8
4,7173,7
5,9833,6
6,1565,5
7,446,2
8,7322,8
9,9038,7
10,2600,8
11,8738,8
12,8699,5
13,4598,6
14,3420,5
15,4165,7
16,9344,9
17,5049,9
18,3879,10
19,5607,5
20,8024,1
21,9919,5
22,1802,9
23,4688,5
24,7750,3
25,4496,8
26,4000,4
27,3585,8
28,4696,3
29,8850,5
30,4883,5
31,9662,5
32,8496,8
33,3937,8
34,6421,4
35,3522,2
36,6912,8
37,8514,7
38,2953,11
39,895,1
40,747,10
41,4199,9
42,310,9
43,3867,2
44,5418,9
45,6945,9
46,3677,8
47,391,6
48,1901,10
49,2886,5
50,6010,11
51,5459,7
52,7339,5
53,3785,5
54,7146,1
55,9052,8
56,8279,8
57,7303,6
58,8811,7
59,1479,8
60,7282,11
61,4134,10
62,8777,4
63,9008,8
64,4703,10
65,4695,9
66,9654,10
67,5740,8
68,5156,1
69,8670,9
70,6578,5
71,188,5
72,8491,5
73,6649,7
74,5002,1
75,2166,9
76,4577,9
77,4492,7
78,4977,5
79,5708,10
80,5295,9
81,8322,7
82,836,7
83,8229,4
84,7100,9
85,3618,8
86,9896,8
87,9349,5
88,8785,5
89,2916,9
90,9361,6
91,3622,7
92,4895,10
93,2998,11
94,722,7
95,1043,9
96,7785,5
97,5028,5
98,3692,5
99,8181,8
100,9980,9
101,5723,1
102,9355,10
103,346,8
104,7809,4
105,4880,5
106,9232,10
107,8478,1
108,4123,10
109,5217,11
110,2769,9
111,2195,5
112,5180,5
113,3536,6
114,7398,10
115,3614,8
116,5703,8
117,451,9
118,430,8
119,3400,10
120,8283,5
121,2162,11
122,9428,5
123,448,9
124,5420,5
125,9312,11
126,5293,7
127,7064,8
128,7296,8
129,5364,10
130,3933,8
131,9712,8
132,9443,8
133,1430,1
134,9606,7
135,6517,2
136,2276,5
137,5248,8
138,3103,10
139,2914,5
140,2169,9
141,8117,7
142,823,9
143,8824,8
144,6477,8
145,9020,5
146,8475,5
147,2934,8
148,2036,5
149,6859,1
150,1202,1
151,9173,8
152,9986,9
153,4539,5
154,7729,8
155,1933,10
156,260,8
157,4456,8
158,6709,1
159,711,8
160,14,8
161,8383,5
162,7294,9
163,5455,9
164,5885,8
165,3207,11
166,5593,5
167,7041,7
168,3117,8
169,6425,5
170,52,8
171,33,1
172,9913,6
173,8035,9
174,3704,7
175,8286,7
176,2746,8
177,6733,11
178,3975,8
179,9729,8
180,4843,10
181,604,7
182,2753,2
183,5205,3
184,5803,1
185,6060,5
186,3651,8
187,6885,5
188,4830,4
189,7215,8
190,5999,1
191,3315,5
192,7074,10
193,8151,3
194,2811,7
195,5739,6
196,1472,5
197,1408,5
198,4592,10
199,659,1
200,6716,1
201,6273,5
202,3667,3
203,4499,10
204,4476,11
205,5825,8
206,3044,8
207,6691,7
208,1101,3
209,1656,7
210,3888,5
211,3160,6
212,507,9
213,3557,5
214,3182,8
215,7775,7
216,4505,9
217,9325,2
218,4811,6
219,9452,4
220,5387,5
221,1201,11
222,6241,8
223,3019,3
224,2980,5
225,5629,11
226,3713,7
227,9962,1
228,7658,3
229,1538,6
230,6947,11
231,2333,7
232,7463,10
233,406,11
234,270,8
235,7634,5
236,8847,8
237,7903,8
238,4264,7
239,6389,8
240,9982,5
241,5045,5
242,1410,8
243,9922,7
244,7913,8
245,963,4
246,8423,7
247,5380,1
248,9754,5
249,2905,5
250,1194,8
251,271,4
252,9356,5
253,8896,8
254,8063,5
255,2778,5
256,4047,6
257,9383,9
258,4444,8
259,4550,8
260,1157,4
261,5344,4
262,3776,10
263,1758,8
264,2,8
265,1321,10
266,1990,10
267,7698,10
268,4383,8
269,4583,2
270,5272,7
271,3161,7
272,9542,10
273,4407,8
274,397,1
275,4183,9
276,2341,9
277,1815,8
278,3131,4
279,6459,8
280,248,1
281,526,8
282,7680,10
283,5053,10
284,8057,8
285,827,4
286,5843,5
287,102,8
288,4804,1
289,9779,7
290,8041,10
291,2142,11
292,5542,7
293,9619,9
294,9292,9
295,5157,5
296,6034,5
297,6136,4
298,2389,7
299,8697,10
300,9557,10
301,8877,7
302,4386,8
303,3380,7
304,123,7
305,1764,4
306,5743,4
307,9868,3
308,2447,5
309,4144,5
310,6495,8
311,6760,1
312,8630,4
313,6886,5
314,7923,9
315,753,1
316,5943,8
317,4823,4
318,3343,2
319,1574,9
320,5805,5
321,2952,8
322,8203,10
323,9373,5
324,4987,8
325,3807,8
326,5001,9
327,8264,8
328,9401,10
329,920,9
330,644,5
331,8327,8
332,3365,7
333,852,8
334,239,5
335,5767,1
336,7423,7
337,1841,5
338,8447,8
339,4332,8
340,1086,1
341,807,6
342,8665,6
343,2489,9
344,224,1
345,3962,5
346,4245,7
347,8050,7
348,5186,8
349,8830,1
350,8801,7
351,6825,7
352,1200,5
353,8430,10
354,6052,3
355,7107,9
356,1238,8
357,1316,5
358,4656,5
359,6226,7
360,1095,3
361,5438,8
362,7909,4
363,2500,8
364,8804,7
365,690,4
366,1120,8
367,4553,11
368,1467,9
369,1652,8
370,1771,11
371,8207,8
372,1000,10
373,70,10
374,2628,8
375,8912,7
376,6230,5
377,3010,6
378,6408,5
379,4729,2
380,3805,11
381,6245,5
382,8078,9
383,3988,8
384,3407,11
385,7991,8
386,8783,8
387,9227,8
388,8647,2
389,3402,2
390,3637,11
391,2044,9
392,409,8
393,2495,8
394,7330,3
395,914,2
396,8527,10
397,4995,5
398,7152,9
399,7891,9
400,6159,10
401,5963,9
402,5339,10
403,2127,8
404,5769,5
405,643,7
406,8406,7
407,6271,7
408,7717,10
409,5478,2
410,6803,1
411,2271,10
412,9648,2
413,9274,4
414,1232,8
415,7887,5
416,5540,5
417,1022,4
418,1582,8
419,2061,1
420,4400,10
421,974,8
422,9762,2
423,6606,3
424,2798,1
425,7015,8
426,3483,5
427,9115,7
428,267,8
429,1847,2
430,2908,9
431,8646,8
432,2974,5
433,8635,5
434,9488,8
435,9782,5
436,9124,10
437,1197,5
438,7597,8
439,6281,8
440,8623,5
441,8334,8
442,9464,5
443,7388,8
444,7640,8
445,374,11
446,4735,8
447,2461,11
448,2613,10
449,255,10
450,9824,5
451,7505,7
452,5481,1
453,8473,8
454,7116,7
455,4414,8
456,7972,5
457,9794,8
458,5401,8
459,9201,5
460,1804,1
461,6282,8
462,2772,8
463,2907,6
464,9122,9
465,4442,10
466,3289,5
467,1401,9
468,9041,9
469,8595,8
470,3479,11
471,7319,8
472,5371,5
473,7165,7
474,493,5
475,5446,1
476,9500,5
477,2512,8
478,1923,9
479,2624,2
480,2729,4
481,7757,8
482,3150,5
483,4816,9
484,8246,3
485,2630,10
486,1627,7
487,2748,11
488,1703,5
489,8153,5
490,4852,7
491,7199,2
492,7174,6
493,7438,7
494,1926,10
495,7515,8
496,6496,4
497,2906,10
498,4309,7
499,6045,5
500,6157,4
501,2919,4
502,7102,5
503,7198,5
504,7069,10
505,5906,9
506,2257,7
507,219,8
508,9643,5
509,8906,9
510,7441,7
511,1279,10
512,9681,2
513,3408,8
514,9476,5
515,82,5
516,5721,7
517,2672,8
518,4727,4
519,5648,11
520,4348,8
521,9225,10
522,7286,9
523,4968,8
524,7766,7
525,3821,1
526,3113,7
527,7718,8
528,3297,9
529,4854,2
530,5676,4
531,4225,5
532,3743,11
533,6058,9
534,289,8
535,5706,5
536,9992,5
537,2318,5
538,3489,5
539,8407,1
540,464,4
541,8476,2
542,2817,1
543,3406,8
544,6264,10
545,802,9
546,9075,8
547,3783,9
548,9826,8
549,9411,8
550,149,4
551,49,11
552,4930,7
553,8942,3
554,8752,10
555,5952,9
556,5670,5
557,3682,6
558,9949,8
559,2456,9
560,1499,7
561,7778,7
562,9042,7
563,4972,5
564,1682,8
565,2186,8
566,1845,9
567,1696,8
568,2750,5
569,4221,7
570,7009,9
571,801,5
572,8962,7
573,172,3
574,4569,8
575,1514,6
576,8945,8
577,8397,9
578,2479,4
579,9770,7
580,2972,1
581,6384,10
582,1066,8
583,9616,8
584,8641,11
585,1266,11
586,7419,8
587,4428,7
588,3598,1
589,9718,1
590,2840,4
591,6337,6
592,1243,6
593,8170,6
594,7101,3
595,7704,8
596,1239,5
597,1851,8
598,1455,7
599,5846,10
600,326,11
601,363,8
602,2016,3
603,4546,10
604,7994,4
605,1972,11
606,3228,8
607,378,10
608,7266,3
609,6177,8
610,499,10
611,5473,2
612,8146,1
613,6318,9
614,424,10
615,4705,8
616,4978,5
617,9145,2
618,8913,10
619,3902,8
620,4452,8
621,2168,2
622,6809,7
623,5301,9
624,3356,5
625,1839,4
626,5579,5
627,5742,7
628,5789,5
629,3631,7
630,1738,8
631,8445,5
632,712,5
633,7824,9
634,1917,7
635,4677,10
636,8898,9
637,713,5
638,7856,10
639,6256,7
640,7945,8
641,7984,4
642,8236,9
643,6614,6
644,8910,8
645,5065,1
646,7431,9
647,4503,10
648,9926,8
649,8366,10
650,1569,5
651,4172,8
652,5679,5
653,1643,6
654,5933,5
655,9454,7
656,4842,8
657,5241,3
658,26,9
659,9861,9
660,1774,8
661,6040,8
662,9057,9
663,6623,7
664,4528,4
665,9987,11
666,7815,2
667,3841,8
668,9457,8
669,6270,8
670,9946,11
671,8331,10
672,9025,1
673,3055,5
674,3920,11
675,9421,7
676,5432,5
677,3219,8
678,3148,5
679,6764,8
680,2131,8
681,2286,11
682,5911,3
683,319,7
684,587,10
685,65,2
686,6879,2
687,9525,9
688,3304,6
689,3320,9
690,2507,5
691,6050,2
692,1245,10
693,9233,6
694,7979,7
695,1041,1
696,3086,2
697,3533,11
698,7526,6
699,6732,10
700,6645,5
701,5517,10
702,831,9
703,2808,4
704,3258,9
705,2936,8
706,1553,10
707,9846,9
708,1756,5
709,4651,5
710,4559,5
711,8046,9
712,686,5
713,3421,7
714,4808,8
715,3252,8
716,7073,7
717,4781,7
718,4204,11
719,1148,8
720,7097,8
721,5886,9
722,4521,7
723,4351,7
724,5300,8
725,8290,8
726,8029,1
727,8934,11
728,4271,7
729,1439,1
730,4219,8
731,1026,4
732,8565,5
733,135,9
734,3329,10
735,4149,5
736,6346,10
737,5979,11
738,8231,4
739,4147,4
740,7368,8
741,1575,4
742,4228,5
743,2199,5
744,2455,6
745,7931,5
746,6030,6
747,3987,1
748,3935,10
749,9583,8
750,6959,5
751,4587,4
752,2947,5
753,8602,8
754,3232,10
755,4855,5
756,7052,10
757,8615,5
758,9664,4
759,4023,11
760,8418,8
761,4512,11
762,7880,3
763,2242,5
764,6381,10
765,4284,8
766,3725,1
767,3523,1
768,269,9
769,2434,7
770,4626,8
771,4419,5
772,7594,3
773,1353,8
774,1058,8
775,5341,7
776,4168,11
777,7513,5
778,1909,11
779,8787,10
780,8958,8
781,8421,6
782,7399,11
783,928,10
784,456,7
785,2636,8
786,3932,8
787,4574,2
788,6807,10
789,9598,8
790,9952,8
791,4280,9
792,2264,11
793,5141,9
794,5365,2
795,1961,6
796,3994,8
797,5495,8
798,7,8
799,8465,11
800,3834,5
801,6599,5
802,4,5
803,857,10
804,5781,9
805,6847,10
806,4142,5
807,3396,8
808,4288,8
809,1532,8
810,331,3
811,4787,5
812,8539,4
813,9556,5
814,2427,10
815,5882,8
816,9687,8
817,5780,10
818,131,9
819,504,10
820,2337,5
821,3847,3
822,1767,4
823,8053,7
824,1445,8
825,6800,8
826,4490,3
827,8703,8
828,4117,11
829,658,10
830,4903,2
831,8224,10
832,4124,8
833,867,8
834,3565,8
835,4952,5
836,4187,9
837,9572,8
838,4487,5
839,849,8
840,4412,1
841,3559,8
842,8663,10
843,2925,10
844,4662,3
845,9939,3
846,3419,8
847,6602,4
848,4194,6
849,2069,6
850,6571,9
851,3354,7
852,9334,8
853,1534,1
854,3615,4
855,3280,8
856,6079,5
857,5485,6
858,7086,10
859,5662,1
860,2233,8
861,997,8
862,8529,1
863,6942,8
864,3291,10
865,4821,11
866,5902,4
867,8992,5
868,5280,5
869,9193,11
870,3202,9
871,4526,8
872,6200,11
873,1783,8
874,780,8
875,8060,5
876,4547,11
877,8706,9
878,1794,8
879,7636,5
880,6130,2
881,8195,9
882,2396,1
883,4390,1
884,1991,10
885,4554,8
886,8901,7
887,3721,11
888,2110,9
889,2419,5
890,818,5
891,6302,9
892,6880,8
893,8416,10
894,5047,10
895,2217,9
896,8082,8
897,2009,10
898,5945,3
899,4580,7
900,7724,7
901,5466,8
902,5775,7
903,5144,4
904,1864,9
905,7617,10
906,960,10
907,9911,7
908,5041,10
909,9394,8
910,9767,10
911,5801,11
912,7711,7
913,6057,2
914,3208,8
915,8440,6
916,470,5
917,5983,8
918,8548,10
919,8253,1
920,7633,2
921,6526,8
922,5763,7
923,7265,5
924,6815,8
925,4318,9
926,3893,8
927,7774,5
928,287,8
929,7514,5
930,2114,8
931,9099,4
932,4506,5
933,8263,8
934,7241,8
935,9238,1
936,2108,8
937,6445,7
938,4665,2
939,6500,8
940,7585,11
941,4405,9
942,639,10
943,8978,8
944,3467,5
945,2522,5
946,7280,8
947,4613,7
948,2777,10
949,7674,8
950,7828,5
951,2103,7
952,4749,6
953,8885,10
954,5095,4
955,9620,10
956,5752,10
957,7567,8
958,3698,1
959,4424,4
960,4166,8
961,4337,3
962,5619,8
963,7630,5
964,2395,8
965,7354,5
966,4520,2
967,810,10
968,1622,10
969,5171,3
970,5982,8
971,4518,5
972,8989,5
973,2571,4
974,6791,5
975,3549,10
976,6003,8
977,6407,8
978,1020,7
979,1160,7
980,7477,1
981,2000,8
982,1621,5
983,7520,11
984,6456,8
985,3416,5
986,9219,4
987,9380,8
988,1615,4
989,2145,10
990,3119,8
991,5349,8
992,2154,4
993,4034,9
994,7057,4
995,8219,8
996,2297,8
997,7316,7
998,2854,11
999,2383,8
1000,1948,7
1001,9799,4
1002,9119,5
1003,1185,8
1004,182,6
1005,6026,5
1006,3129,7
1007,1325,11
1008,931,10
1009,3095,7
1010,9297,8
1011,7695,8
1012,7673,6
1013,4191,3
1014,9516,5
1015,1482,1
1016,4681,5
1017,2532,8
1018,9287,2
1019,754,10
1020,2221,9
1021,9744,8
1022,9296,9
1023,9407,8
1024,9445,8
1025,9571,5
1026,4568,10
1027,2784,8
1028,2369,5
1029,2632,1
1030,9372,9
1031,4283,5
1032,7876,5
1033,846,7
1034,1765,9
1035,8759,1
1036,6858,1
1037,7259,8
1038,4106,5
1039,8589,7
1040,8432,8
1041,3184,9
1042,5000,1
1043,9216,10
1044,1441,10
1045,4672,8
1046,6613,8
1047,1181,10
1048,5353,8
1049,975,8
1050,400,7
1051,6892,9
1052,9063,10
1053,243,10
1054,7264,9
1055,581,11
1056,4306,9
1057,5296,10
1058,3369,11
1059,6083,9
1060,7346,10
1061,5544,11
1062,7607,10
1063,25,8
1064,578,9
1065,1231,11
1066,830,1
1067,3319,5
1068,2692,3
1069,7864,2
1070,6769,1
1071,5311,8
1072,6019,5
1073,6770,8
1074,2083,8
1075,899,11
1076,3929,5
1077,213,7
1078,4747,5
1079,9143,8
1080,4167,5
1081,6291,10
1082,7194,10
1083,6972,7
1084,9120,8
1085,7586,7
1086,3607,8
1087,3606,8
1088,4664,8
1089,3829,5
1090,5140,5
1091,9358,10
1092,1122,11
1093,6848,1
1094,3799,8
1095,955,7
1096,6701,11
1097,7481,2
1098,5799,5
1099,7287,8
1100,5075,7
1101,9564,10
1102,2824,8
1103,7249,8
1104,5091,8
1105,5357,10
1106,6160,10
1107,1908,8
1108,7393,8
1109,9879,5
1110,5976,8
1111,9965,4
1112,8822,10
1113,1786,8
1114,5841,8
1115,534,8
1116,292,7
1117,2709,9
1118,5313,8
1119,5586,10
1120,1509,3
1121,7078,6
1122,6362,8
1123,1714,9
1124,6818,8
1125,2538,5
1126,1132,5
1127,6158,8
1128,167,5
1129,9030,7
1130,9150,8
1131,7459,9
1132,9945,5
1133,6834,1
1134,5161,3
1135,3133,7
1136,4462,5
1137,2652,9
1138,9323,5
1139,6878,8
1140,4671,4
1141,4205,7
1142,5197,1
1143,4849,5
1144,2047,8
1145,6597,4
1146,3660,4
1147,3983,8
1148,9869,4
1149,789,8
1150,6501,8
1151,3313,4
1152,1344,7
1153,5557,10
1154,7795,8
1155,1699,8
1156,6400,8
1157,6417,8
1158,4207,7
1159,5932,10
1160,3358,4
1161,1937,5
1162,774,4
1163,9182,1
1164,6355,9
1165,5189,9
1166,4360,10
1167,8323,2
1168,7723,7
1169,4853,9
1170,9450,4
1171,7777,1
1172,7793,3
1173,1743,8
1174,1007,8
1175,6120,9
1176,6352,7
1177,3638,8
1178,5827,4
1179,1250,8
1180,1031,9
1181,8385,8
1182,6522,7
1183,9709,8
1184,8789,4
1185,3866,2
1186,590,11
1187,605,5
1188,6660,10
1189,723,8
1190,1147,8
1191,597,6
1192,6842,7
1193,2937,5
1194,472,4
1195,5901,5
1196,1516,7
1197,6982,10
1198,4164,6
1199,8508,10
1200,3215,7
1201,8486,10
1202,180,10
1203,5096,10
1204,1552,6
1205,6853,4
1206,9984,1
1207,9007,8
1208,2046,5
1209,5639,11
1210,2358,7
1211,3632,1
1212,3122,6
1213,5496,10
1214,2399,5
1215,7082,1
1216,7776,7
1217,7092,6
1218,3837,6
1219,1894,8
1220,7002,9
1221,4595,2
1222,8673,10
1223,2289,2
1224,8711,5
1225,2552,5
1226,892,3
1227,9446,10
1228,3554,5
1229,2781,8
1230,2034,9
1231,1939,9
1232,6111,8
1233,8301,5
1234,4996,9
1235,6048,5
1236,8114,8
1237,2779,9
1238,2354,7
1239,5465,10
1240,4635,5
1241,5987,8
1242,2482,1
1243,1745,8
1244,7610,4
1245,9300,8
1246,2956,8
1247,300,8
1248,2275,7
1249,312,3
1250,9288,8
1251,8359,7
1252,4120,11
1253,4473,5
1254,5855,5
1255,9685,5
1256,3311,7
1257,805,11
1258,1719,7
1259,9578,10
1260,7948,9
1261,7465,8
1262,9831,7
1263,4570,4
1264,4422,8
1265,7350,5
1266,3121,9
1267,85,5
1268,3485,8
1269,3636,8
1270,3850,8
1271,7048,11
1272,7083,10
1273,2788,11
1274,8985,5
1275,2280,5
1276,2214,11
1277,3255,7
1278,7841,10
1279,7193,5
1280,2466,10
1281,749,4
1282,324,10
1283,1577,8
1284,2964,9
1285,2042,8
1286,442,7
1287,6339,7
1288,3375,3
1289,7764,1
1290,8426,8
1291,595,5
1292,9943,5
1293,1913,8
1294,8926,8
1295,2245,7
1296,1830,10
1297,2398,8
1298,5762,8
1299,4321,1
1300,5393,4
1301,4949,5
1302,7295,8
1303,2877,5
1304,5734,5
1305,4667,8
1306,598,7
1307,3906,10
1308,1254,9
1309,9588,5
1310,278,7
1311,2174,10
1312,4033,10
1313,9958,8
1314,1770,10
1315,5611,8
1316,3883,10
1317,2302,8
1318,9839,6
1319,4146,5
1320,4262,8
1321,1111,8
1322,1436,9
1323,1224,10
1324,1449,6
1325,20,9
1326,1380,8
1327,9208,7
1328,9853,5
1329,6535,7
1330,5429,2
1331,7226,8
1332,3157,8
1333,2950,11
1334,7701,7
1335,7171,8
1336,1900,10
1337,3099,8
1338,6921,8
1339,390,11
1340,9427,4
1341,7020,2
1342,2212,7
1343,9333,7
1344,909,10
1345,1376,11
1346,3985,5
1347,8888,7
1348,3864,3
1349,7580,10
1350,7131,10
1351,2887,10
1352,3048,8
1353,2084,4
1354,9490,9
1355,8357,7
1356,8721,8
1357,9430,11
1358,592,7
1359,298,9
1360,1339,9
1361,6528,6
1362,2492,9
1363,9645,1
1364,3510,8
1365,7730,5
1366,9032,5
1367,3949,5
1368,5027,9
1369,5880,7
1370,9859,8
1371,5004,10
1372,101,3
1373,4704,5
1374,8710,3
1375,6176,5
1376,7430,9
1377,2368,8
1378,5463,1
1379,6547,9
1380,5178,11
1381,625,10
1382,360,8
1383,7260,3
1384,2836,7
1385,698,3
1386,6080,10
1387,7992,5
1388,3745,3
1389,7562,5
1390,4564,7
1391,2293,10
1392,3101,8
1393,5737,1
1394,2722,5
1395,2915,8
1396,1051,1
1397,1963,10
1398,5149,5
1399,3050,5
1400,550,8
1401,1721,5
1402,9256,8
1403,4810,7
1404,8853,10
1405,8088,8
1406,6338,8
1407,8979,8
1408,7017,5
1409,444,5
1410,571,8
1411,5692,8
1412,2260,11
1413,4319,7
1414,2537,11
1415,3074,1
1416,553,5
1417,1214,2
1418,577,8
1419,4950,10
1420,3664,9
1421,67,10
1422,1599,10
1423,1686,3
1424,1319,7
1425,9573,5
1426,2875,7
1427,8238,7
1428,3115,4
1429,2384,1
1430,7615,10
1431,68,7
1432,4161,4
1433,2045,8
1434,9444,10
1435,9508,5
1436,4113,4
1437,3056,5
1438,9629,5
1439,3678,9
1440,9370,5
1441,2960,3
1442,9320,8
1443,8765,2
1444,4683,5
1445,2401,11
1446,8191,5
1447,4956,5
1448,6404,4
1449,1554,5
1450,4107,5
1451,5312,7
1452,5564,8
1453,7751,9
1454,8714,11
1455,6133,5
1456,500,4
1457,136,5
1458,4788,7
1459,4084,8
1460,4269,8
1461,537,9
1462,7650,8
1463,4734,5
1464,5346,7
1465,7404,8
1466,3688,5
1467,1110,8
1468,9153,8
1469,3884,8
1470,2909,9
1471,3716,5
1472,8115,2
1473,1975,7
1474,1614,7
1475,9728,8
1476,1288,11
1477,7022,4
1478,9027,9
1479,7256,5
1480,8260,5
1481,8807,3
1482,2749,7
1483,7761,5
1484,1611,8
1485,5169,2
1486,9408,10
1487,925,5
1488,9723,8
1489,557,5
1490,145,7
1491,4603,8
1492,7691,2
1493,694,7
1494,7222,6
1495,607,8
1496,7682,9
1497,5006,8
1498,4016,4
1499,3450,10
1500,3477,8
1501,7985,8
1502,4527,8
1503,4402,10
1504,8722,4
1505,9670,7
1506,5515,10
1507,2847,9
1508,3112,9
1509,415,2
1510,5331,8
1511,1282,5
1512,8569,1
1513,8689,3
1514,6951,4
1515,2669,5
1516,4012,5
1517,9003,8
1518,8221,1
1519,666,7
1520,8071,5
1521,7904,9
1522,4531,10
1523,5370,9
1524,234,9
1525,7576,7
1526,2665,9
1527,3006,2
1528,6066,11
1529,5787,8
1530,3413,5
1531,728,8
1532,777,5
1533,6914,5
1534,7195,10
1535,9559,8
1536,8189,6
1537,6670,9
1538,9817,8
1539,9910,5
1540,2725,11
1541,8624,9
1542,2757,10
1543,6324,11
1544,8054,7
1545,8320,4
1546,1539,3
1547,187,8
1548,2791,2
1549,6849,9
1550,501,11
1551,9733,5
1552,2347,5
1553,9469,8
1554,8535,8
1555,5291,8
1556,8734,10
1557,5566,3
1558,8206,4
1559,4887,5
1560,9185,8
1561,423,1
1562,6218,9
1563,5990,11
1564,94,10
1565,3922,4
1566,3046,5
1567,8883,10
1568,651,8
1569,1811,11
1570,5929,8
1571,6783,1
1572,5400,1
1573,1210,5
1574,7244,8
1575,4713,9
1576,8621,3
1577,8614,7
1578,9375,10
1579,4248,7
1580,1837,1
1581,7927,8
1582,5191,1
1583,3853,3
1584,6596,9
1585,2985,5
1586,9796,9
1587,634,3
1588,7449,8
1589,498,9
1590,1612,8
1591,3265,8
1592,6196,8
1593,6343,1
1594,7444,8
1595,1192,1
1596,3689,5
1597,2521,8
1598,525,2
1599,8579,8
1600,9299,9
1601,5121,9
1602,9510,8
1603,8165,8
1604,7733,1
1605,5356,8
1606,6633,3
1607,7472,10
1608,1459,5
1609,6072,8
1610,8662,1
1611,9509,8
1612,9316,1
1613,9093,3
1614,8209,1
1615,1562,9
1616,9278,9
1617,1057,7
1618,1965,8
1619,419,4
1620,9152,9
1621,9350,6
1622,6311,7
1623,4601,9
1624,1399,8
1625,2857,8
1626,4571,9
1627,9649,1
1628,5699,7
1629,3959,9
1630,1713,1
1631,7162,8
1632,2137,8
1633,1630,8
1634,6216,10
1635,7753,8
1636,7134,6
1637,8387,10
1638,8000,8
1639,7890,8
1640,3238,5
1641,6106,8
1642,9660,10
1643,9079,8
1644,3080,7
1645,4909,7
1646,9330,8
1647,8818,5
1648,3913,2
1649,1633,3
1650,6275,8
1651,1432,8
1652,5226,8
1653,1355,2
1654,2326,7
1655,4480,5
1656,8161,5
1657,2806,5
1658,4488,7
1659,8504,8
1660,3355,10
1661,6654,8
1662,2731,5
1663,6911,1
1664,6685,7
1665,4244,11
1666,7464,8
1667,8400,9
1668,2005,8
1669,4652,8
1670,2720,5
1671,8068,10
1672,6514,8
1673,4087,6
1674,5142,10
1675,8124,8
1676,5870,8
1677,9692,7
1678,9101,9
1679,1407,7
1680,5063,3
1681,7420,8
1682,7067,8
1683,1345,8
1684,4404,5
1685,7528,7
1686,6991,1
1687,6619,2
1688,3528,9
1689,8458,8
1690,1995,8
1691,1606,5
1692,3243,1
1693,7506,1
1694,9512,11
1695,1966,7
1696,7942,8
1697,335,2
1698,6600,8
1699,2150,10
1700,9449,10
1701,683,1
1702,2317,10
1703,3683,2
1704,1649,8
1705,4939,2
1706,8902,7
1707,2702,6
1708,9970,5
1709,8587,10
1710,2535,5
1711,4693,8
1712,4999,8
1713,9214,9
1714,5436,8
1715,1882,2
1716,515,5
1717,570,8
1718,585,5
1719,545,9
1720,4645,7
1721,813,8
1722,1338,8
1723,6778,8
1724,17,1
1725,6039,8
1726,3192,5
1727,3092,2
1728,775,4
1729,1930,5
1730,917,7
1731,3731,8
1732,5456,4
1733,3570,10
1734,9950,2
1735,9775,1
1736,4145,9
1737,8122,9
1738,4611,8
1739,7697,10
1740,887,2
1741,8175,9
1742,9056,8
1743,56,1
1744,8025,5
1745,7638,5
1746,2050,8
1747,8950,10
1748,9788,5
1749,4514,8
1750,8396,8
1751,6099,7
1752,7288,8
1753,9985,1
1754,2117,5
1755,1178,1
1756,7676,8
1757,5462,5
1758,8772,8
1759,8395,8
1760,2170,5
1761,5631,9
1762,8873,10
1763,6491,7
1764,954,9
1765,1932,4
1766,7823,11
1767,305,8
1768,4920,4
1769,5575,7
1770,7884,11
1771,5891,8
1772,4864,4
1773,2631,10
1774,6676,5
1775,2210,8
1776,5954,10
1777,3539,7
1778,1421,10
1779,3128,8
1780,1945,9
1781,5591,5
1782,3564,11
1783,7409,4
1784,2328,4
1785,621,5
1786,3424,6
1787,8130,9
1788,6820,8
1789,4510,9
1790,7955,3
1791,1259,5
1792,6125,1
1793,7810,5
1794,6435,7
1795,4028,8
1796,416,2
1797,5785,4
1798,8110,5
1799,8882,8
1800,3630,8
1801,1707,1
1802,5600,5
1803,520,10
1804,7473,5
1805,7371,5
1806,1429,5
1807,750,6
1808,4130,4
1809,664,7
1810,971,10
1811,8285,8
1812,1826,7
1813,1223,11
1814,7202,4
1815,1352,4
1816,7539,11
1817,3153,11
1818,3472,11
1819,7568,4
1820,8661,3
1821,3788,11
1822,6231,6
1823,9590,6
1824,1852,8
1825,3590,8
1826,8727,1
1827,2659,8
1828,322,5
1829,7912,5
1830,2343,8
1831,3285,7
1832,7310,5
1833,7300,10
1834,1180,5
1835,1833,9
1836,7112,3
1837,6413,5
1838,2713,5
1839,4427,8
1840,1388,7
1841,4218,10
1842,8033,8
1843,8492,8
1844,7063,6
1845,7358,8
1846,482,4
1847,221,5
1848,4975,8
1849,4984,4
1850,7738,9
1851,2113,4
1852,3058,8
1853,1904,5
1854,4902,4
1855,2530,8
1856,6428,8
1857,2157,9
1858,9753,10
1859,5537,11
1860,3967,1
1861,7279,7
1862,1584,11
1863,1978,3
1864,4046,8
1865,6279,5
1866,3374,8
1867,431,5
1868,1085,5
1869,4259,8
1870,7703,5
1871,2689,9
1872,1500,8
1873,3992,5
1874,1477,8
1875,7881,8
1876,5714,4
1877,3060,7
1878,1079,5
1879,8259,5
1880,0,9
1881,742,7
1882,6132,7
1883,3642,6
1884,8282,11
1885,2626,8
1886,2097,1
1887,5411,4
1888,518,5
1889,3210,1
1890,7121,4
1891,7055,9
1892,6594,8
1893,9918,7
1894,9895,8
1895,4914,7
1896,748,3
1897,1533,8
1898,3757,8
1899,9589,8
1900,8176,4
1901,5487,6
1902,1035,5
1903,299,8
1904,762,5
1905,7461,5
1906,5685,8
1907,3211,10
1908,3836,10
1909,5693,9
1910,862,4
1911,6539,10
1912,7378,4
1913,5435,5
1914,1419,7
1915,3671,7
1916,4001,8
1917,8540,4
1918,3266,1
1919,1677,8
1920,6229,5
1921,4769,10
1922,302,9
1923,1027,5
1924,4877,8
1925,7013,9
1926,8125,5
1927,9524,9
1928,394,9
1929,9023,8
1930,5704,10
1931,8048,8
1932,7223,10
1933,2982,6
1934,848,5
1935,1523,1
1936,9277,9
1937,483,11
1938,9551,5
1939,6624,8
1940,2995,8
1941,4919,10
1942,945,6
1943,819,5
1944,2236,9
1945,4730,8
1946,8379,11
1947,4237,8
1948,9999,8
1949,5861,4
1950,8242,5
1951,4938,4
1952,5661,8
1953,9977,8
1954,9706,8
1955,9819,8
1956,112,8
1957,4073,5
1958,7133,5
1959,5158,5
1960,3519,8
1961,1691,8
1962,148,5
1963,3926,7
1964,3174,8
1965,9260,8
1966,2856,7
1967,3256,9
1968,9106,1
1969,588,2
1970,4523,8
1971,8162,8
1972,4357,1
1973,654,2
1974,3236,10
1975,7270,3
1976,6182,1
1977,7454,11
1978,4086,8
1979,9127,7
1980,4673,10
1981,6053,5
1982,3217,11
1983,1422,5
1984,6662,11
1985,1466,8
1986,6821,10
1987,2596,8
1988,2844,8
1989,1773,10
1990,5684,7
1991,1850,3
1992,3881,5
1993,5729,7
1994,558,8
1995,6532,10
1996,6521,3
1997,1650,6
1998,5622,8
1999,1600,8
2000,9026,7
2001,3674,8
2002,6027,8
2003,9717,5
2004,1317,7
2005,2696,5
2006,8077,10
2007,6784,5
2008,8356,5
2009,4137,8
2010,1,8
2011,1648,8
2012,6775,10
2013,8065,8
2014,8039,7
2015,1601,8
2016,7708,4
2017,5233,8
2018,3655,5
2019,7422,8
2020,1290,9
2021,3212,8
2022,7349,2
2023,8106,8
2024,4411,8
2025,2344,10
2026,3768,8
2027,2942,8
2028,8930,5
2029,3921,8
2030,3645,9
2031,5080,8
2032,7122,11
2033,9231,10
2034,8792,7
2035,2536,5
2036,5921,8
2037,171,8
2038,4630,5
2039,7829,5
2040,7965,2
2041,6458,10
2042,3327,5
2043,1442,9
2044,1517,4
2045,2794,7
2046,6134,10
2047,1012,11
2048,4926,1
2049,8464,10
2050,3540,11
2051,1985,8
2052,3412,10
2053,6122,7
2054,812,1
2055,6696,4
2056,3849,5
2057,8511,5
2058,8907,7
2059,5228,5
2060,5336,1
2061,3998,5
2062,435,8
2063,5024,2
2064,7191,2
2065,6167,8
2066,9073,10
2067,6248,5
2068,4615,4
2069,8049,4
2070,9683,7
2071,3465,11
2072,8160,7
2073,9360,10
2074,9061,8
2075,2386,10
2076,2209,4
2077,9750,8
2078,4067,1
2079,1992,1
2080,5914,11
2081,429,1
2082,6075,6
2083,5948,2
2084,2232,5
2085,2334,1
2086,8190,7
2087,4516,5
2088,878,8
2089,2816,6
2090,7324,8
2091,3032,6
2092,1906,8
2093,3995,8
2094,8232,10
2095,8370,9
2096,6846,10
2097,1198,7
2098,6881,3
2099,6280,8
2100,175,7
2101,2912,8
2102,9562,8
2103,6924,5
2104,3784,3
2105,8267,5
2106,3924,8
2107,7258,5
2108,1494,8
2109,1661,4
2110,6484,7
2111,6869,6
2112,4098,8
2113,9880,10
2114,3277,10
2115,2436,8
2116,1176,10
2117,8034,11
2118,4330,5
2119,2420,8
2120,4324,8
2121,4188,4
2122,4376,9
2123,5335,5
2124,4800,5
2125,6463,5
2126,2476,9
2127,3061,1
2128,6722,3
2129,8974,10
2130,6372,1
2131,1952,7
2132,6856,9
2133,5977,6
2134,9505,9
2135,6987,8
2136,708,9
2137,3568,5
2138,8003,9
2139,2979,9
2140,1592,5
2141,1037,5
2142,3997,5
2143,8086,10
2144,3028,8
2145,9522,8
2146,1602,9
2147,948,8
2148,1435,9
2149,5959,8
2150,8816,7
2151,2627,8
2152,2138,1
2153,2121,7
2154,2363,8
2155,1296,8
2156,8840,8
2157,6872,10
2158,1788,7
2159,8032,8
2160,3909,2
2161,9688,10
2162,1415,7
2163,5101,8
2164,8862,8
2165,3710,7
2166,2705,4
2167,9022,8
2168,9249,1
2169,4304,1
2170,3220,8
2171,2880,8
2172,7964,11
2173,4223,8
2174,8437,1
2175,7016,10
2176,5015,3
2177,8173,1
2178,3635,5
2179,2416,8
2180,9348,1
2181,5014,5
2182,2614,5
2183,7428,10
2184,2294,8
2185,2699,4
2186,8364,7
2187,981,3
2188,612,11
2189,6916,9
2190,7292,1
2191,5969,4
2192,1329,2
2193,8123,10
2194,4482,8
2195,6009,9
2196,8509,1
2197,3414,11
2198,681,5
2199,5669,5
2200,5115,8
2201,4998,1
2202,111,8
2203,8353,7
2204,3972,5
2205,3333,8
2206,5838,5
2207,7852,10
2208,8687,5
2209,2156,9
2210,9652,7
2211,4267,5
2212,254,6
2213,3839,10
2214,8343,7
2215,5270,4
2216,7624,10
2217,8742,10
2218,6736,7
2219,8796,1
2220,9088,5
2221,1671,5
2222,7763,8
2223,5361,4
2224,9267,7
2225,4992,8
2226,2106,8
2227,1616,3
2228,9313,5
2229,8748,8
2230,6169,6
2231,2852,2
2232,6801,2
2233,7160,8
2234,3595,10
2235,5146,1
2236,9028,8
2237,3723,8
2238,4720,11
2239,192,10
2240,3825,9
2241,1572,8
2242,9044,5
2243,1879,8
2244,6661,7
2245,2345,2
2246,1893,5
2247,6965,7
2248,1637,5
2249,2650,5
2250,1556,5
2251,1860,9
2252,2450,4
2253,1684,5
2254,2330,5
2255,5700,8
2256,4438,5
2257,7396,7
2258,9872,9
2259,4133,10
2260,3672,8
2261,1219,5
2262,2024,9
2263,1693,8
2264,6941,1
2265,2828,9
2266,894,11
2267,5056,11
2268,5802,7
2269,54,1
2270,3665,8
2271,3827,11
2272,6980,2
2273,8368,11
2274,1660,7
2275,3560,9
2276,2988,7
2277,9669,4
2278,3738,10
2279,684,5
2280,5129,8
2281,7833,3
2282,8169,1
2283,2248,4
2284,2563,8
2285,9981,8
2286,5608,5
2287,5605,8
2288,9242,5
2289,627,4
2290,9171,3
2291,8878,5
2292,5051,5
2293,7814,10
2294,3634,11
2295,1360,1
2296,5816,10
2297,3372,5
2298,3490,8
2299,2382,8
2300,667,7
2301,4858,8
2302,78,5
2303,815,4
2304,2861,9
2305,6465,8
2306,6506,11
2307,1812,8
2308,8599,8
2309,987,9
2310,7208,7
2311,764,1
2312,6321,10
2313,161,5
2314,143,5
2315,4576,5
2316,1118,8
2317,4312,1
2318,3278,11
2319,3196,1
2320,7298,4
2321,6655,5
2322,9435,8
2323,3942,8
2324,2724,1
2325,6406,10
2326,155,9
2327,8021,4
2328,8991,1
2329,6857,6
2330,4175,9
2331,9346,7
2332,6584,9
2333,8610,9
2334,3919,8
2335,6827,7
2336,863,9
2337,8427,7
2338,2388,2
2339,6855,5
2340,9482,8
2341,3578,1
2342,1709,5
2343,7128,8
2344,1880,7
2345,7469,7
2346,7229,3
2347,238,10
2348,7820,6
2349,8585,10
2350,4365,8
2351,1248,11
2352,9941,8
2353,2926,10
2354,760,1
2355,2324,1
2356,9419,3
2357,228,7
2358,2278,8
2359,2766,5
2360,7821,8
2361,6573,8
2362,6452,7
2363,6368,5
2364,9947,6
2365,3963,9
2366,2505,9
2367,7103,8
2368,2534,5
2369,7953,9
2370,1949,9
2371,6684,5
2372,9418,2
2373,8518,2
2374,4874,7
2375,7805,9
2376,2687,9
2377,6312,7
2378,2216,8
2379,939,4
2380,8105,8
2381,7040,4
2382,5615,5
2383,6520,3
2384,3584,5
2385,261,11
2386,2785,5
2387,7947,5
2388,8775,1
2389,1165,7
2390,3574,10
2391,9396,8
2392,452,8
2393,7267,6
2394,8933,8
2395,5826,2
2396,7696,5
2397,4443,8
2398,4942,8
2399,7565,8
2400,7702,10
2401,7293,7
2402,2060,8
2403,5526,5
2404,4610,7
2405,2986,8
2406,7871,8
2407,6567,4
2408,1980,8
2409,6786,3
2410,7462,5
2411,9832,8
2412,8554,8
2413,1346,1
2414,5678,4
2415,2608,8
2416,487,9
2417,8163,9
2418,2305,9
2419,9816,8
2420,2270,5
2421,5458,8
2422,7374,8
2423,5354,8
2424,4890,7
2425,3676,10
2426,9538,10
2427,6681,3
2428,6461,5
2429,2792,8
2430,6090,8
2431,8709,10
2432,6566,5
2433,2539,1
2434,951,8
2435,4911,9
2436,7011,8
2437,3904,8
2438,5081,2
2439,844,6
2440,9956,10
2441,1061,8
2442,6084,4
2443,4897,11
2444,3848,8
2445,7843,3
2446,4469,8
2447,441,5
2448,1638,8
2449,1313,7
2450,3052,8
2451,6144,9
2452,4989,11
2453,5508,8
2454,5716,9
2455,6085,8
2456,1039,8
2457,5984,10
2458,3423,4
2459,8618,8
2460,3714,2
2461,1796,9
2462,800,8
2463,3451,10
2464,7533,8
2465,3830,2
2466,7029,1
2467,5871,10
2468,3656,6
2469,3649,10
2470,6622,5
2471,8633,5
2472,9125,10
2473,2646,3
2474,2802,11
2475,962,5
2476,1768,11
2477,1146,4
2478,9934,11
2479,6110,8
2480,3773,8
2481,4905,10
2482,457,7
2483,8657,11
2484,411,4
2485,547,8
2486,3878,5
2487,1082,11
2488,6644,8
2489,1513,8
2490,3446,7
2491,9198,8
2492,5305,4
2493,8101,5
2494,7746,8
2495,3628,8
2496,3715,6
2497,1271,6
2498,8557,7
2499,552,8
2500,7928,7
2501,6055,8
2502,8592,6
2503,8314,5
2504,9053,9
2505,2029,7
2506,7816,8
2507,8132,9
2508,222,2
2509,9884,6
2510,8075,11
2511,6906,5
2512,8900,8
2513,691,5
2514,4878,8
2515,4100,9
2516,8812,8
2517,2139,5
2518,8485,5
2519,2620,8
2520,5735,6
2521,9797,4
2522,6759,8
2523,4710,2
2524,9526,9
2525,6088,4
2526,9668,5
2527,8444,10
2528,4616,3
2529,485,5
2530,5190,8
2531,4628,10
2532,4131,2
2533,2269,4
2534,7405,10
2535,2502,1
2536,1868,9
2537,8753,1
2538,9623,8
2539,7471,6
2540,1006,5
2541,4690,7
2542,4434,9
2543,4425,8
2544,5910,3
2545,9978,11
2546,5170,8
2547,6489,7
2548,4433,8
2549,2230,8
2550,4314,8
2551,7336,5
2552,7031,3
2553,1297,4
2554,6128,9
2555,4924,5
2556,3925,7
2557,5224,8
2558,2235,6
2559,3481,9
2560,6100,6
2561,1567,10
2562,8516,3
2563,5323,5
2564,7759,8
2565,6641,9
2566,1720,8
2567,2928,4
2568,8102,8
2569,8820,1
2570,4653,10
2571,8090,5
2572,3173,5
2573,3388,5
2574,2268,9
2575,854,7
2576,3512,7
2577,7756,8
2578,2031,5
2579,9968,8
2580,60,11
2581,8401,3
2582,2796,5
2583,5234,3
2584,4605,8
2585,893,9
2586,7080,3
2587,6612,5
2588,8302,10
2589,3697,3
2590,1519,10
2591,8245,9
2592,9131,8
2593,6490,9
2594,1585,3
2595,7498,5
2596,4868,8
2597,4881,8
2598,7236,8
2599,908,4
2600,5923,5
2601,6761,8
2602,5461,1
2603,2190,1
2604,3600,10
2605,703,7
2606,8040,8
2607,5856,2
2608,5381,1
2609,6333,11
2610,8590,1
2611,6788,8
2612,5154,1
2613,6068,8
2614,755,8
2615,41,10
2616,5112,8
2617,1752,7
2618,4535,6
2619,7612,4
2620,7905,5
2621,6891,8
2622,8351,7
2623,4536,7
2624,4127,8
2625,9747,8
2626,6250,5
2627,4102,11
2628,5555,11
2629,1285,4
2630,8876,9
2631,4141,5
2632,1593,7
2633,5947,5
2634,554,8
2635,3931,8
2636,8645,7
2637,6552,5
2638,3123,8
2639,6639,7
2640,3843,8
2641,6112,10
2642,5519,5
2643,5908,10
2644,465,7
2645,7599,7
2646,6960,6
2647,6401,4
2648,7224,10
2649,69,8
2650,5793,5
2651,3971,6
2652,2801,10
2653,9235,5
2654,1423,5
2655,3507,8
2656,5847,4
2657,2975,10
2658,4581,7
2659,8601,8
2660,5098,8
2661,7901,5
2662,2893,11
2663,4971,5
2664,2224,5
2665,4015,8
2666,4176,9
2667,2218,5
2668,4483,2
2669,4160,5
2670,9138,5
2671,6251,6
2672,2205,8
2673,3246,9
2674,8095,9
2675,5516,9
2676,276,9
2677,6480,7
2678,7665,11
2679,2917,6
2680,2088,4
2681,6195,11
2682,912,5
2683,9567,9
2684,4341,8
2685,4491,11
2686,266,6
2687,3318,2
2688,9365,10
2689,2062,9
2690,3464,5
2691,7835,2
2692,8277,5
2693,5177,9
2694,1029,7
2695,4650,4
2696,1364,10
2697,7185,7
2698,2321,8
2699,6723,1
2700,7025,7
2701,4263,10
2702,1959,10
2703,6587,9
2704,7250,5
2705,1644,5
2706,51,8
2707,5878,8
2708,6680,8
2709,7028,8
2710,2428,4
2711,5868,11
2712,4543,1
2713,1342,8
2714,795,11
2715,5176,4
2716,6743,1
2717,5810,8
2718,4053,1
2719,6166,8
2720,9613,6
2721,7950,8
2722,8498,5
2723,7861,10
2724,1750,4
2725,9849,6
2726,6561,8
2727,7261,6
2728,9253,1
2729,4203,4
2730,6882,10
2731,4632,2
2732,8802,8
2733,1512,8
2734,5938,4
2735,9480,2
2736,9002,8
2737,3726,8
2738,1604,9
2739,8006,8
2740,888,9
2741,4661,7
2742,517,6
2743,7762,1
2744,7627,5
2745,6994,8
2746,1823,7
2747,4192,2
2748,3946,2
2749,340,11
2750,1207,8
2751,2484,8
2752,8233,10
2753,8434,8
2754,9802,4
2755,1589,5
2756,7044,11
2757,3796,7
2758,164,7
2759,1726,1
2760,8758,8
2761,9148,7
2762,1955,5
2763,6482,8
2764,4184,5
2765,3284,10
2766,5392,5
2767,1730,8
2768,365,8
2769,1997,10
2770,8686,4
2771,7451,6
2772,7601,10
2773,100,7
2774,368,10
2775,6017,8
2776,4716,5
2777,6756,8
2778,9790,5
2779,5525,9
2780,9010,9
2781,4423,2
2782,7922,11
2783,8133,2
2784,6104,10
2785,57,9
2786,8047,10
2787,4775,5
2788,5377,7
2789,697,2
2790,1973,3
2791,8150,7
2792,4090,8
2793,5094,11
2794,8513,10
2795,8273,11
2796,5389,6
2797,591,8
2798,8214,8
2799,4065,10
2800,9327,6
2801,2101,9
2802,4643,5
2803,2444,8
2804,3610,5
2805,4617,4
2806,670,11
2807,9639,3
2808,2415,5
2809,9851,4
2810,7694,8
2811,6262,4
2812,5210,8
2813,1888,7
2814,1221,9
2815,5342,10
2816,1255,5
2817,5751,8
2818,916,1
2819,6901,1
2820,6358,11
2821,6162,1
2822,1060,8
2823,6524,8
2824,2946,1
2825,2470,8
2826,6164,5
2827,660,9
2828,6470,8
2829,8995,4
2830,9180,8
2831,5779,10
2832,5636,9
2833,8084,5
2834,3851,5
2835,4530,11
2836,1861,9
2837,8708,5
2838,7201,4
2839,4831,7
2840,8298,11
2841,1551,6
2842,3166,1
2843,3254,7
2844,9058,9
2845,6237,11
2846,1608,1
2847,1237,8
2848,6604,8
2849,7432,2
2850,6269,1
2851,5926,2
2852,5428,5
2853,6154,11
2854,2911,5
2855,9258,8
2856,2051,2
2857,4109,7
2858,4162,8
2859,6320,1
2860,2012,11
2861,6430,10
2862,2738,1
2863,3456,1
2864,9463,8
2865,3347,3
2866,4334,8
2867,5109,9
2868,4013,9
2869,1629,4
2870,7667,8
2871,2938,10
2872,2897,8
2873,2303,8
2874,8770,8
2875,9944,8
2876,1104,1
2877,3111,7
2878,2605,8
2879,2812,1
2880,2834,10
2881,201,9
2882,784,11
2883,4678,8
2884,19,10
2885,3903,7
2886,3344,10
2887,7980,7
2888,7845,8
2889,5304,11
2890,2440,8
2891,5989,4
2892,980,4
2893,6194,10
2894,4848,5
2895,8957,1
2896,3527,8
2897,1018,3
2898,2229,10
2899,3650,4
2900,286,5
2901,9086,2
2902,9915,5
2903,2931,5
2904,7981,2
2905,6542,8
2906,2606,9
2907,1126,10
2908,1302,10
2909,2362,8
2910,1304,1
2911,7177,9
2912,9385,5
2913,7752,8
2914,7030,2
2915,6170,1
2916,146,5
2917,8213,5
2918,214,4
2919,952,10
2920,3842,5
2921,9925,8
2922,6590,1
2923,1090,8
2924,7062,8
2925,6816,5
2926,1071,8
2927,2884,7
2928,4785,10
2929,8704,5
2930,2531,1
2931,2510,6
2932,866,3
2933,2143,10
2934,2147,4
2935,7754,10
2936,426,8
2937,4834,5
2938,6531,5
2939,4666,5
2940,4040,8
2941,1862,4
2942,6700,8
2943,6069,11
2944,7367,8
2945,183,5
2946,5396,5
2947,3107,4
2948,1206,7
2949,9703,10
2950,8480,8
2951,7366,2
2952,9963,1
2953,6441,1
2954,2488,5
2955,7993,4
2956,5782,9
2957,8874,1
2958,5897,5
2959,2485,5
2960,8411,10
2961,8825,10
2962,3017,10
2963,5409,5
2964,9755,7
2965,2583,5
2966,1196,5
2967,6363,9
2968,1361,8
2969,4806,8
2970,7120,5
2971,8799,7
2972,3342,10
2973,5419,8
2974,7670,5
2975,3744,2
2976,6325,6
2977,4515,1
2978,4448,8
2979,5489,10
2980,8295,9
2981,6808,10
2982,7306,4
2983,1994,5
2984,3718,10
2985,3339,1
2986,1076,10
2987,8731,11
2988,8868,4
2989,6185,7
2990,6101,5
2991,8648,5
2992,5406,8
2993,2739,8
2994,3075,4
2995,6976,6
2996,4335,4
2997,8640,7
2998,6890,7
2999,3562,11
3000,7836,8
3001,3505,8
3002,4873,2
3003,1998,5
3004,743,2
3005,2564,9
3006,1867,10
3007,8879,5
3008,2544,9
3009,7039,8
3010,3308,8
3011,8839,5
3012,2092,8
3013,2433,8
3014,2188,6
3015,2078,5
3016,811,10
3017,9595,8
3018,6424,8
3019,7001,10
3020,7685,8
3021,4786,4
3022,9608,8
3023,7663,3
3024,6503,7
3025,2256,1
3026,9663,10
3027,4057,5
3028,8631,5
3029,7075,5
3030,8376,7
3031,9136,7
3032,7251,8
3033,7099,11
3034,9827,11
3035,1951,7
3036,6183,8
3037,3514,11
3038,8855,7
3039,2593,8
3040,342,4
3041,1674,5
3042,399,4
3043,6061,5
3044,5464,10
3045,2841,5
3046,3778,5
3047,4171,9
3048,3492,4
3049,9080,9
3050,2761,9
3051,1161,1
3052,8544,8
3053,5772,5
3054,6727,2
3055,7142,5
3056,5042,2
3057,6792,10
3058,3900,6
3059,589,1
3060,9988,11
3061,9837,8
3062,5007,11
3063,4593,8
3064,6305,7
3065,1645,5
3066,8880,10
3067,5255,1
3068,2758,5
3069,5100,10
3070,2989,7
3071,4960,5
3072,5209,7
3073,4301,7
3074,7946,8
3075,6141,5
3076,5307,6
3077,6635,5
3078,7604,4
3079,3506,5
3080,3575,5
3081,4608,2
3082,8718,7
3083,8705,5
3084,9507,11
3085,2803,8
3086,1586,8
3087,8226,9
3088,5097,7
3089,1799,5
3090,8166,5
3091,2220,1
3092,514,1
3093,886,8
3094,9612,5
3095,4764,7
3096,523,1
3097,9759,8
3098,3462,5
3099,7221,1
3100,7609,9
3101,1158,10
3102,2528,5
3103,2407,4
3104,2475,5
3105,890,6
3106,1030,10
3107,9404,11
3108,4420,5
3109,5649,9
3110,3059,3
3111,59,4
3112,8487,9
3113,1416,8
3114,2422,9
3115,7424,10
3116,701,9
3117,9322,7
3118,5453,7
3119,8429,9
3120,8249,8
3121,5808,8
3122,6374,9
3123,680,5
3124,817,5
3125,8751,10
3126,6558,10
3127,8457,8
3128,2691,9
3129,7672,10
3130,4089,8
3131,6540,11
3132,9766,4
3133,6239,8
3134,2656,8
3135,1506,8
3136,3429,5
3137,9205,8
3138,9787,10
3139,8924,10
3140,8774,7
3141,2301,9
3142,6478,9
3143,3247,11
3144,7490,8
3145,9653,9
3146,2279,5
3147,7532,6
3148,4582,1
3149,3159,5
3150,4758,9
3151,6192,4
3152,5143,8
3153,3298,9
3154,3045,8
3155,3176,5
3156,5727,7
3157,1131,1
3158,4885,7
3159,5860,4
3160,2809,7
3161,1919,10
3162,8773,7
3163,8140,9
3164,7664,10
3165,7556,8
3166,2406,7
3167,1485,8
3168,6687,7
3169,5250,4
3170,395,8
3171,4395,11
3172,3163,10
3173,8832,1
3174,8813,1
3175,1754,8
3176,4063,5
3177,2203,10
3178,1469,11
3179,1957,1
3180,2846,9
3181,876,8
3182,3892,11
3183,872,6
3184,1151,8
3185,8771,7
3186,5058,1
3187,9627,7
3188,8845,1
3189,5736,10
3190,8391,9
3191,7679,1
3192,5654,9
3193,1797,10
3194,6689,5
3195,721,4
3196,9686,8
3197,7240,8
3198,992,2
3199,3957,5
3200,6988,5
3201,5263,5
3202,6376,9
3203,6806,8
3204,7677,11
3205,5283,6
3206,6472,9
3207,1236,3
3208,885,8
3209,602,5
3210,6265,5
3211,3571,7
3212,3603,7
3213,7207,4
3214,8546,8
3215,7186,5
3216,5391,4
3217,2678,8
3218,567,8
3219,984,8
3220,184,10
3221,4209,1
3222,1013,5
3223,7858,5
3224,5332,5
3225,5351,8
3226,4250,4
3227,5184,1
3228,8505,9
3229,9194,3
3230,8099,10
3231,4619,5
3232,6065,2
3233,9055,8
3234,8318,8
3235,7314,3
3236,4435,7
3237,1144,10
3238,490,10
3239,4884,8
3240,8398,7
3241,5273,1
3242,9458,10
3243,4213,5
3244,9548,5
3245,5588,8
3246,5955,5
3247,4372,9
3248,2295,5
3249,8261,10
3250,4431,7
3251,6766,5
3252,8506,7
3253,1431,8
3254,3267,9
3255,9374,5
3256,3216,2
3257,8625,10
3258,6347,3
3259,5817,8
3260,9179,5
3261,2799,5
3262,48,9
3263,9423,4
3264,6922,7
3265,9377,7
3266,7878,5
3267,3116,5
3268,2727,9
3269,6437,7
3270,2161,9
3271,3740,8
3272,3729,3
3273,5416,4
3274,7196,8
3275,8342,9
3276,7415,5
3277,9331,8
3278,1269,7
3279,1226,2
3280,8676,5
3281,8715,4
3282,3765,5
3283,61,3
3284,7643,8
3285,4257,7
3286,3013,10
3287,3934,6
3288,7962,10
3289,8651,5
3290,657,9
3291,4689,10
3292,6530,10
3293,7969,8
3294,6021,9
3295,2423,8
3296,6252,8
3297,191,2
3298,3440,8
3299,3306,10
3300,2515,2
3301,8856,5
3302,2394,8
3303,6918,8
3304,3641,5
3305,5968,8
3306,8235,3
3307,8072,10
3308,7888,2
3309,9439,5
3310,4805,5
3311,4169,8
3312,3282,7
3313,6621,10
3314,3043,10
3315,3791,8
3316,2249,8
3317,7105,10
3318,1396,8
3319,6589,5
3320,4037,4
3321,5561,7
3322,976,8
3323,7183,11
3324,3251,7
3325,3529,5
3326,7213,3
3327,4249,3
3328,6135,5
3329,9265,9
3330,1414,7
3331,2851,10
3332,9930,10
3333,3078,7
3334,9632,7
3335,8495,8
3336,2107,8
3337,1789,8
3338,5408,7
3339,8185,1
3340,8450,10
3341,110,8
3342,2774,8
3343,1484,10
3344,4778,5
3345,5726,5
3346,5725,8
3347,2718,11
3348,7867,11
3349,7678,8
3350,4211,7
3351,6711,8
3352,7977,1
3353,8955,9
3354,1159,8
3355,7588,5
3356,6300,8
3357,6155,8
3358,4051,11
3359,3899,7
3360,9528,8
3361,8864,9
3362,8116,3
3363,5521,6
3364,9737,1
3365,8118,6
3366,5087,5
3367,5347,8
3368,6184,7
3369,5728,11
3370,1331,8
3371,7791,4
3372,7542,7
3373,9034,3
3374,7091,8
3375,9382,8
3376,8836,10
3377,6949,10
3378,8747,8
3379,4658,9
3380,1330,2
3381,3572,5
3382,1667,8
3383,2575,6
3384,8089,9
3385,7792,8
3386,4224,8
3387,3970,9
3388,4850,11
3389,5828,2
3390,3499,8
3391,7606,1
3392,2222,3
3393,6844,5
3394,9863,8
3395,3305,9
3396,9678,3
3397,4163,11
3398,7072,7
3399,46,3
3400,3072,6
3401,7329,5
3402,9114,8
3403,9102,5
3404,8193,5
3405,8551,2
3406,679,11
3407,4151,10
3408,4268,8
3409,1626,8
3410,9162,8
3411,1680,10
3412,3024,1
3413,4766,6
3414,128,9
3415,5998,6
3416,1729,2
3417,7545,4
3418,858,5
3419,215,8
3420,8560,10
3421,3653,8
3422,9479,9
3423,9901,9
3424,5076,5
3425,4740,8
3426,7582,9
3427,1005,2
3428,2550,8
3429,2888,8
3430,6274,3
3431,1099,4
3432,8520,11
3433,1256,5
3434,178,6
3435,9212,8
3436,773,1
3437,6014,5
3438,1503,3
3439,4657,7
3440,3969,7
3441,4822,10
3442,942,8
3443,3348,10
3444,358,4
3445,3276,8
3446,4459,9
3447,1334,8
3448,6118,3
3449,8216,9
3450,5185,10
3451,4042,8
3452,2973,4
3453,1366,8
3454,8142,5
3455,9054,7
3456,1885,1
3457,8659,8
3458,877,7
3459,7511,9
3460,379,5
3461,9876,8
3462,2577,8
3463,6583,8
3464,6955,8
3465,8851,7
3466,3057,7
3467,6360,4
3468,5345,1
3469,7114,8
3470,2525,5
3471,4382,6
3472,7487,7
3473,3509,5
3474,5417,7
3475,7557,3
3476,9251,1
3477,8453,1
3478,5749,5
3479,3391,10
3480,4440,10
3481,1979,7
3482,9425,7
3483,5510,1
3484,3270,4
3485,904,5
3486,2366,3
3487,9533,8
3488,5783,7
3489,4387,10
3490,1846,10
3491,9192,8
3492,1540,7
3493,804,7
3494,6059,7
3495,3504,8
3496,2874,11
3497,4784,7
3498,5212,6
3499,7129,5
3500,7959,5
3501,1733,7
3502,1806,5
3503,5195,8
3504,7425,8
3505,209,7
3506,6814,5
3507,468,5
3508,8761,8
3509,1928,2
3510,3077,8
3511,9477,9
3512,6574,5
3513,1493,5
3514,9301,10
3515,3589,10
3516,5316,8
3517,5434,5
3518,4623,10
3519,6828,5
3520,8109,5
3521,8256,9
3522,1009,8
3523,5599,8
3524,1456,8
3525,6331,5
3526,1520,8
3527,1987,4
3528,2633,8
3529,6493,4
3530,7149,5
3531,8778,5
3532,2641,5
3533,3576,10
3534,1607,8
3535,5541,10
3536,1899,8
3537,8920,8
3538,934,5
3539,4967,10
3540,8671,5
3541,5214,10
3542,1886,4
3543,436,10
3544,2845,8
3545,7434,10
3546,2255,7
3547,6870,5
3548,2740,7
3549,9602,8
3550,546,1
3551,1052,8
3552,3855,5
3553,5535,8
3554,6485,2
3555,7806,7
3556,1583,7
3557,4882,8
3558,9665,1
3559,7541,8
3560,5162,1
3561,8257,7
3562,4757,5
3563,9078,8
3564,4367,10
3565,1246,1
3566,6119,8
3567,5848,5
3568,8212,10
3569,2364,10
3570,7537,8
3571,417,8
3572,5974,10
3573,4792,5
3574,3156,5
3575,296,8
3576,1315,1
3577,2733,8
3578,1881,10
3579,949,10
3580,5044,7
3581,7846,1
3582,1889,4
3583,240,9
3584,403,8
3585,4752,6
3586,3617,9
3587,8358,7
3588,787,8
3589,1155,5
3590,7211,8
3591,6607,5
3592,5290,7
3593,6049,4
3594,4355,5
3595,4845,5
3596,6838,9
3597,1240,5
3598,256,9
3599,366,2
3600,373,5
3601,8558,8
3602,9626,5
3603,3461,7
3604,842,8
3605,4454,11
3606,5645,7
3607,5410,10
3608,6431,5
3609,9784,4
3610,2128,6
3611,5110,8
3612,8677,8
3613,9275,1
3614,9885,3
3615,564,4
3616,7429,9
3617,2038,5
3618,4371,8
3619,9515,9
3620,763,8
3621,6642,10
3622,8120,2
3623,1495,1
3624,6186,8
3625,1563,8
3626,8147,1
3627,2885,8
3628,9245,6
3629,6498,5
3630,744,7
3631,8436,10
3632,455,10
3633,9971,8
3634,3418,10
3635,7886,8
3636,8952,9
3637,8983,5
3638,5934,5
3639,6780,5
3640,1230,3
3641,3897,9
3642,9426,9
3643,2098,7
3644,5403,5
3645,8969,6
3646,140,8
3647,569,8
3648,8332,7
3649,3070,5
3650,2855,4
3651,9362,8
3652,7148,8
3653,1374,8
3654,7921,8
3655,2308,8
3656,8500,8
3657,4036,10
3658,6679,11
3659,3301,4
3660,768,8
3661,8936,4
3662,8766,8
3663,2597,4
3664,1228,9
3665,7285,8
3666,7180,10
3667,6618,8
3668,405,10
3669,7307,10
3670,4832,9
3671,1083,8
3672,1100,9
3673,3508,8
3674,1827,9
3675,5617,5
3676,6575,10
3677,1067,11
3678,9107,11
3679,37,5
3680,9142,8
3681,5412,8
3682,6706,8
3683,5202,8
3684,3482,5
3685,9546,8
3686,2372,11
3687,7035,8
3688,9121,8
3689,1672,10
3690,4754,1
3691,8044,5
3692,4983,8
3693,1842,8
3694,129,7
3695,6937,7
3696,6802,5
3697,6610,5
3698,2462,2
3699,7719,8
3700,1123,10
3701,6712,9
3702,6147,10
3703,2617,5
3704,4541,10
3705,5534,5
3706,9104,9
3707,5996,2
3708,5980,11
3709,5813,5
3710,6189,8
3711,2970,7
3712,6502,9
3713,3544,5
3714,8780,8
3715,2562,8
3716,1382,2
3717,245,4
3718,1262,8
3719,7654,1
3720,8559,8
3721,1653,5
3722,5070,8
3723,9960,11
3724,6296,7
3725,4494,5
3726,5681,9
3727,7854,11
3728,9283,10
3729,7408,5
3730,7353,1
3731,4254,8
3732,4509,5
3733,1588,1
3734,8149,8
3735,5960,10
3736,965,9
3737,2943,8
3738,9565,8
3739,377,8
3740,6255,10
3741,7095,9
3742,513,1
3743,7838,8
3744,1251,9
3745,3666,7
3746,7317,2
3747,9682,7
3748,3648,8
3749,4081,7
3750,9176,9
3751,7458,6
3752,7860,8
3753,5442,2
3754,3136,8
3755,2496,3
3756,5757,11
3757,8720,1
3758,2379,7
3759,1149,5
3760,9166,6
3761,3772,9
3762,216,7
3763,4692,5
3764,279,2
3765,2997,2
3766,1395,7
3767,4468,5
3768,7038,7
3769,4770,5
3770,7385,7
3771,4567,8
3772,1531,5
3773,9341,9
3774,8055,1
3775,4111,5
3776,3331,10
3777,5019,2
3778,8183,11
3779,8414,10
3780,1284,3
3781,2281,5
3782,2581,8
3783,7907,4
3784,147,1
3785,841,9
3786,467,7
3787,4964,8
3788,7043,7
3789,408,5
3790,6519,4
3791,7547,10
3792,3326,8
3793,2760,5
3794,4310,7
3795,4794,2
3796,3463,8
3797,5236,5
3798,5876,1
3799,790,10
3800,122,5
3801,1420,3
3802,973,6
3803,6832,6
3804,1438,8
3805,6902,1
3806,9882,8
3807,8131,8
3808,921,5
3809,8378,8
3810,4991,4
3811,964,10
3812,7840,6
3813,2601,7
3814,3390,8
3815,9415,4
3816,1505,1
3817,5709,8
3818,9218,10
3819,631,8
3820,4715,7
3821,7558,9
3822,5981,9
3823,7467,10
3824,1762,2
3825,8791,9
3826,8443,9
3827,5623,5
3828,2768,2
3829,2373,8
3830,9708,10
3831,6925,9
3832,3253,11
3833,8002,8
3834,5405,10
3835,3871,11
3836,3475,8
3837,9845,1
3838,7611,10
3839,6356,5
3840,1152,5
3841,8545,5
3842,3169,5
3843,359,7
3844,321,9
3845,8782,8
3846,1698,2
3847,4343,8
3848,7312,3
3849,1036,2
3850,306,4
3851,8588,4
3852,7995,7
3853,3493,6
3854,8790,7
3855,3567,7
3856,769,8
3857,3268,8
3858,220,8
3859,5641,3
3860,8598,8
3861,4229,4
3862,9117,8
3863,579,8
3864,1138,3
3865,3826,5
3866,6361,7
3867,5319,8
3868,993,5
3869,5384,10
3870,4222,5
3871,3287,5
3872,4668,5
3873,8454,8
3874,6087,7
3875,5480,2
3876,1109,1
3877,3328,10
3878,4471,7
3879,5427,5
3880,757,6
3881,6387,11
3882,640,9
3883,6605,10
3884,9321,8
3885,9376,8
3886,1073,2
3887,6710,8
3888,3209,8
3889,4551,8
3890,3138,10
3891,8843,9
3892,9563,8
3893,7276,5
3894,2004,10
3895,3279,9
3896,9698,11
3897,4220,5
3898,2962,8
3899,2118,6
3900,5597,5
3901,7304,5
3902,1736,1
3903,1557,5
3904,6979,9
3905,7382,8
3906,6023,5
3907,9478,8
3908,8848,8
3909,7416,5
3910,1654,8
3911,1838,8
3912,9972,7
3913,1054,6
3914,791,11
3915,9097,7
3916,4381,10
3917,1944,4
3918,1305,5
3919,5682,10
3920,6299,4
3921,7999,9
3922,6763,5
3923,2213,10
3924,911,5
3925,8586,8
3926,8994,4
3927,8860,2
3928,956,11
3929,3530,9
3930,5072,8
3931,1383,11
3932,5758,9
3933,6981,11
3934,473,8
3935,6454,1
3936,9203,8
3937,2261,5
3938,1529,11
3939,3093,3
3940,8201,1
3941,6851,5
3942,4140,4
3943,1212,8
3944,275,8
3945,9240,5
3946,8611,8
3947,9486,8
3948,5050,6
3949,9298,8
3950,5077,5
3951,422,9
3952,4129,5
3953,2693,8
3954,7088,3
3955,5877,8
3956,3516,7
3957,6191,5
3958,4361,3
3959,3605,2
3960,7834,5
3961,2027,8
3962,1822,7
3963,6864,8
3964,6403,5
3965,9154,7
3966,568,3
3967,1642,8
3968,1084,10
3969,8208,10
3970,5122,8
3971,6197,9
3972,3706,10
3973,2175,8
3974,6672,10
3975,6227,9
3976,2497,9
3977,3954,11
3978,8903,1
3979,2028,7
3980,3964,10
3981,2513,8
3982,5172,7
3983,982,1
3984,9722,8
3985,1115,8
3986,9633,1
3987,1486,1
3988,282,11
3989,6098,8
3990,9591,7
3991,4563,8
3992,959,6
3993,542,11
3994,8909,4
3995,3806,1
3996,115,2
3997,7534,10
3998,2018,5
3999,7113,9
4000,4479,9
4001,177,9
4002,8319,8
4003,205,5
4004,9262,8
4005,3404,8
4006,7189,11
4007,7000,8
4008,3273,4
4009,7163,5
4010,9555,5
4011,6348,7
4012,2367,4
4013,2657,11
4014,7587,10
4015,3411,8
4016,1903,9
4017,2140,4
4018,5903,1
4019,3152,8
4020,9178,4
4021,9040,10
4022,1620,5
4023,4460,8
4024,4056,5
4025,6563,9
4026,4032,4
4027,2374,9
4028,1260,7
4029,3415,10
4030,1581,8
4031,120,8
4032,5167,9
4033,6426,10
4034,1596,8
4035,5111,9
4036,2554,6
4037,7271,5
4038,3750,5
4039,1163,8
4040,1377,6
4041,549,7
4042,4180,8
4043,7885,9
4044,9769,5
4045,4091,4
4046,277,5
4047,7311,5
4048,9867,5
4049,8810,1
4050,2742,8
4051,2163,8
4052,3639,10
4053,7010,8
4054,9858,7
4055,3368,5
4056,7662,8
4057,2958,8
4058,4154,1
4059,2043,1
4060,1398,9
4061,5475,7
4062,1333,8
4063,5513,4
4064,881,8
4065,8326,8
4066,9920,1
4067,6288,8
4068,968,5
4069,6737,7
4070,2441,9
4071,5713,7
4072,1993,6
4073,4566,4
4074,4558,8
4075,5407,10
4076,8403,8
4077,3299,4
4078,6153,8
4079,7334,9
4080,3863,8
4081,9098,8
4082,1819,1
4083,5518,8
4084,8815,4
4085,3808,7
4086,28,10
4087,2675,5
4088,8243,4
4089,2090,5
4090,3180,4
4091,4231,5
4092,5404,9
4093,8503,11
4094,4243,3
4095,5492,9
4096,4640,8
4097,3623,5
4098,4009,10
4099,2555,11
4100,1708,7
4101,7127,8
4102,77,10
4103,336,9
4104,798,9
4105,6998,10
4106,8367,3
4107,6894,10
4108,9874,5
4109,402,10
4110,8013,7
4111,3312,1
4112,87,8
4113,3065,6
4114,1687,8
4115,5866,5
4116,7410,4
4117,2987,4
4118,2413,8
4119,734,8
4120,4846,8
4121,3008,8
4122,6448,5
4123,6207,5
4124,8329,8
4125,4533,10
4126,5592,8
4127,454,8
4128,9993,5
4129,4797,4
4130,5552,9
4131,4898,8
4132,9207,7
4133,6730,10
4134,3274,8
4135,5950,6
4136,8667,7
4137,4742,10
4138,7652,8
4139,3185,8
4140,4416,3
4141,361,8
4142,6543,10
4143,1755,8
4144,9072,9
4145,6298,7
4146,6137,4
4147,724,5
4148,9520,8
4149,4291,11
4150,9461,8
4151,8519,6
4152,4406,8
4153,6390,7
4154,6974,5
4155,3991,5
4156,6950,8
4157,7323,8
4158,6353,4
4159,5274,7
4160,7068,5
4161,5583,11
4162,5330,8
4163,4765,10
4164,165,8
4165,1573,7
4166,2638,10
4167,5750,5
4168,4190,9
4169,6388,7
4170,9204,11
4171,9732,11
4172,7384,5
4173,7076,10
4174,1306,8
4175,7206,3
4176,210,5
4177,9511,1
4178,8946,5
4179,9711,1
4180,288,7
4181,5893,7
4182,5710,9
4183,2402,8
4184,626,5
4185,5506,1
4186,2122,8
4187,7522,5
4188,6006,8
4189,9352,8
4190,6646,7
4191,1712,7
4192,1537,7
4193,3295,8
4194,9434,5
4195,3579,9
4196,4827,8
4197,3049,8
4198,2800,1
4199,8441,6
4200,3775,8
4201,7237,2
4202,7960,6
4203,3717,5
4204,9113,8
4205,7485,8
4206,6936,3
4207,3857,7
4208,3793,10
4209,1428,7
4210,7383,8
4211,5664,7
4212,5329,10
4213,8346,11
4214,364,5
4215,8499,5
4216,1324,5
4217,4982,7
4218,8522,1
4219,1393,11
4220,1102,2
4221,2348,10
4222,6577,9
4223,5235,7
4224,3999,10
4225,6909,8
4226,1358,3
4227,5834,7
4228,4513,9
4229,7111,7
4230,527,11
4231,2707,5
4232,6447,11
4233,6392,6
4234,7486,8
4235,3602,4
4236,6898,1
4237,8981,7
4238,5630,5
4239,9605,5
4240,6420,8
4241,2089,9
4242,7963,10
4243,1464,2
4244,9035,9
4245,2961,9
4246,5732,8
4247,5116,7
4248,208,9
4249,5975,8
4250,9393,5
4251,9069,7
4252,3646,2
4253,8350,1
4254,9786,8
4255,2619,9
4256,2360,9
4257,7872,10
4258,7853,7
4259,6900,11
4260,351,5
4261,3644,7
4262,7808,3
4263,3357,5
4264,5836,8
4265,1392,9
4266,6455,3
4267,3030,6
4268,5246,7
4269,5898,6
4270,2603,5
4271,7555,5
4272,5043,4
4273,4743,7
4274,1681,7
4275,8784,5
4276,1267,8
4277,5160,3
4278,5913,8
4279,53,5
4280,9995,5
4281,535,9
4282,235,4
4283,3918,5
4284,2701,8
4285,1685,6
4286,6719,11
4287,8129,5
4288,308,9
4289,4308,8
4290,2464,7
4291,5988,8
4292,4654,9
4293,7427,7
4294,7957,6
4295,8180,1
4296,5951,5
4297,8846,8
4298,1314,8
4299,428,1
4300,2639,5
4301,9157,8
4302,3139,8
4303,3428,7
4304,2085,10
4305,2194,5
4306,6753,2
4307,3846,1
4308,4639,10
4309,9617,8
4310,829,5
4311,1778,2
4312,8472,8
4313,2540,5
4314,1391,7
4315,2325,10
4316,7844,10
4317,5994,5
4318,3351,4
4319,34,7
4320,7988,9
4321,9250,3
4322,2298,10
4323,9710,9
4324,5211,10
4325,1751,8
4326,6536,10
4327,7710,8
4328,8100,8
4329,7407,4
4330,4844,10
4331,8347,6
4332,9189,7
4333,8532,10
4334,9983,8
4335,5491,8
4336,6703,5
4337,1072,3
4338,3816,9
4339,1103,2
4340,6923,8
4341,4825,9
4342,1800,5
4343,6919,7
4344,8867,5
4345,4687,7
4346,5895,7
4347,7879,8
4348,2999,9
4349,1372,8
4350,5815,11
4351,5472,8
4352,4859,7
4353,5422,9
4354,4135,8
4355,8156,7
4356,1492,8
4357,1594,8
4358,9413,8
4359,6022,6
4360,4394,5
4361,990,8
4362,8702,1
4363,9050,5
4364,3927,5
4365,9335,9
4366,3037,1
4367,6742,4
4368,4726,8
4369,7341,10
4370,4370,9
4371,998,5
4372,3398,7
4373,5194,9
4374,495,10
4375,1657,8
4376,1971,5
4377,4298,1
4378,2246,5
4379,907,10
4380,8724,9
4381,2322,6
4382,5997,10
4383,3154,5
4384,529,1
4385,3478,10
4386,1179,3
4387,6399,11
4388,9841,7
4389,6765,5
4390,3521,8
4391,3891,10
4392,303,4
4393,5016,5
4394,8026,5
4395,162,2
4396,2759,8
4397,5163,1
4398,636,8
4399,3491,2
4400,75,4
4401,1816,7
4402,924,8
4403,1011,5
4404,6446,9
4405,5741,5
4406,4070,10
4407,8908,2
4408,4136,8
4409,7552,11
4410,7715,7
4411,9326,8
4412,5213,5
4413,1488,6
4414,864,8
4415,1156,11
4416,16,10
4417,4294,8
4418,2715,8
4419,6008,8
4420,767,11
4421,6690,8
4422,3476,9
4423,8817,4
4424,8456,8
4425,7780,10
4426,4549,5
4427,7442,8
4428,3177,8
4429,4313,9
4430,3384,4
4431,9087,8
4432,5829,1
4433,4185,8
4434,7433,6
4435,1875,10
4436,309,2
4437,8081,4
4438,3439,8
4439,2250,9
4440,5281,5
4441,4607,7
4442,4944,9
4443,6303,8
4444,5873,9
4445,7019,9
4446,1795,8
4447,330,8
4448,8744,1
4449,458,2
4450,2013,4
4451,6582,2
4452,8459,1
4453,6643,5
4454,2607,5
4455,5309,5
4456,8058,10
4457,3647,11
4458,4393,8
4459,6627,4
4460,4463,5
4461,6440,8
4462,4599,8
4463,8136,8
4464,6762,5
4465,1234,8
4466,8074,10
4467,7648,9
4468,8388,5
4469,163,9
4470,3930,8
4471,6414,1
4472,4847,1
4473,752,10
4474,5612,8
4475,5260,11
4476,1694,5
4477,7123,9
4478,427,6
4479,7209,2
4480,8928,10
4481,1397,8
4482,4879,4
4483,6211,1
4484,1434,3
4485,3686,5
4486,2734,11
4487,478,7
4488,4024,9
4489,1258,5
4490,792,7
4491,1497,1
4492,5113,8
4493,4860,8
4494,7026,10
4495,5580,5
4496,4815,2
4497,5671,5
4498,5468,9
4499,83,5
4500,9875,7
4501,8017,5
4502,9860,9
4503,8455,3
4504,6794,10
4505,1658,7
4506,8736,4
4507,3586,9
4508,8604,7
4509,5967,7
4510,357,8
4511,6095,10
4512,4833,8
4513,4439,9
4514,6334,1
4515,4010,8
4516,8148,5
4517,8827,10
4518,2588,6
4519,3023,7
4520,9760,3
4521,304,8
4522,7618,5
4523,4103,8
4524,9181,8
4525,1983,3
4526,4685,1
4527,977,1
4528,653,8
4529,4974,6
4530,926,5
4531,370,3
4532,6699,8
4533,2403,4
4534,9429,8
4535,9570,9
4536,5869,10
4537,4429,5
4538,1702,6
4539,7370,2
4540,3538,5
4541,7417,2
4542,9575,4
4543,5031,9
4544,826,4
4545,3292,8
4546,3417,11
4547,9690,8
4548,5147,5
4549,1154,7
4550,5570,4
4551,1670,8
4552,6968,5
4553,3260,8
4554,8271,4
4555,3604,5
4556,9433,6
4557,6772,10
4558,3802,9
4559,2015,8
4560,4993,9
4561,4078,7
4562,6297,7
4563,3124,4
4564,8157,5
4565,5069,2
4566,4701,2
4567,865,8
4568,6114,8
4569,9246,10
4570,9906,4
4571,8547,9
4572,2435,8
4573,4670,9
4574,8134,5
4575,1566,8
4576,4408,2
4577,3087,10
4578,5125,1
4579,6876,2
4580,9135,9
4581,3230,9
4582,2744,8
4583,8762,8
4584,563,5
4585,2896,2
4586,7096,10
4587,5560,10
4588,2686,5
4589,1443,7
4590,2741,10
4591,7573,10
4592,7669,8
4593,1866,2
4594,8438,7
4595,1368,8
4596,3442,4
4597,7543,10
4598,13,9
4599,6551,7
4600,7721,9
4601,1164,8
4602,6386,10
4603,524,11
4604,5565,2
4605,1447,10
4606,6939,5
4607,6964,9
4608,8467,8
4609,7683,7
4610,6289,10
4611,9045,4
4612,6051,4
4613,6626,10
4614,2618,10
4615,4347,8
4616,5414,5
4617,2238,11
4618,5912,9
4619,1460,5
4620,3137,10
4621,898,10
4622,6031,9
4623,2119,8
4624,6554,7
4625,5957,8
4626,8287,10
4627,3314,8
4628,6236,2
4629,1150,8
4630,114,8
4631,678,8
4632,7551,8
4633,3601,7
4634,3608,2
4635,9144,5
4636,8517,5
4637,5034,4
4638,2660,9
4639,6746,8
4640,9364,10
4641,3534,8
4642,4768,5
4643,3770,3
4644,4327,1
4645,6713,9
4646,9714,1
4647,7632,8
4648,1675,10
4649,1048,2
4650,6468,7
4651,7320,4
4652,1311,9
4653,8466,8
4654,1335,7
4655,2172,9
4656,9933,10
4657,2810,8
4658,2019,9
4659,5238,8
4660,7914,8
4661,9842,8
4662,7825,9
4663,4179,8
4664,3696,1
4665,8428,7
4666,2969,8
4667,2177,2
4668,943,6
4669,7742,5
4670,1112,11
4671,3814,1
4672,1935,5
4673,2472,10
4674,4642,6
4675,6439,9
4676,154,10
4677,7741,9
4678,7982,11
4679,5509,8
4680,6572,7
4681,2787,9
4682,4447,8
4683,3340,8
4684,7283,1
4685,2860,8
4686,4038,1
4687,3939,9
4688,5659,8
4689,3470,11
4690,5196,8
4691,6591,11
4692,8600,2
4693,7902,8
4694,5448,8
4695,3221,10
4696,8741,7
4697,5089,8
4698,3748,11
4699,6313,10
4700,1292,5
4701,1169,11
4702,5201,8
4703,4340,8
4704,1635,11
4705,3088,9
4706,9865,2
4707,9005,8
4708,1175,8
4709,8363,9
4710,5134,11
4711,1508,8
4712,8200,6
4713,7098,10
4714,5839,5
4715,344,4
4716,1609,5
4717,4156,10
4718,9763,4
4719,3993,8
4720,9836,9
4721,1274,10
4722,4945,2
4723,9467,11
4724,8036,6
4725,7037,9
4726,2252,5
4727,6758,10
4728,9540,11
4729,503,4
4730,6917,8
4731,7065,9
4732,1570,7
4733,8064,8
4734,3701,4
4735,2093,1
4736,3089,9
4737,9667,9
4738,3488,11
4739,3432,8
4740,9155,8
4741,8638,5
4742,5203,9
4743,176,3
4744,737,5
4745,1595,2
4746,5136,5
4747,4817,10
4748,6659,5
4749,2587,6
4750,3195,5
4751,7414,8
4752,3164,1
4753,246,5
4754,7460,2
4755,656,8
4756,851,8
4757,4478,7
4758,9748,8
4759,853,10
4760,9485,5
4761,5035,7
4762,2751,2
4763,2353,8
4764,543,4
4765,4072,1
4766,4352,3
4767,1561,8
4768,7355,8
4769,9017,8
4770,7500,5
4771,6268,5
4772,198,5
4773,9139,8
4774,8154,5
4775,6810,5
4776,3551,9
4777,2022,3
4778,8726,9
4779,1940,10
4780,5837,5
4781,7342,3
4782,9273,5
4783,2585,5
4784,3511,5
4785,1371,4
4786,341,8
4787,6315,8
4788,5536,10
4789,3458,5
4790,4648,1
4791,3749,2
4792,3249,8
4793,4980,10
4794,1426,1
4795,6432,7
4796,2494,8
4797,8834,8
4798,9783,8
4799,8576,9
4800,3550,8
4801,9752,5
4802,5532,10
4803,9997,10
4804,4235,5
4805,7042,7
4806,3009,7
4807,4095,4
4808,3036,7
4809,9955,4
4810,4814,5
4811,761,5
4812,5986,3
4813,9342,8
4814,6887,5
4815,469,9
4816,7070,5
4817,7008,1
4818,7602,8
4819,6044,9
4820,2929,2
4821,3583,5
4822,5604,8
4823,5060,8
4824,662,8
4825,9527,2
4826,9689,8
4827,5711,5
4828,9539,1
4829,4481,2
4830,6830,7
4831,1108,1
4832,6035,8
4833,7187,3
4834,533,7
4835,1016,9
4836,1974,7
4837,3337,10
4838,4097,10
4839,8073,10
4840,5553,7
4841,5017,4
4842,2267,9
4843,935,4
4844,3004,8
4845,3670,1
4846,1929,5
4847,1757,5
4848,9622,8
4849,1483,4
4850,2240,5
4851,9167,10
4852,7934,10
4853,7655,5
4854,1213,5
4855,4646,1
4856,3145,8
4857,3727,8
4858,4986,10
4859,9437,11
4860,674,7
4861,42,9
4862,4522,3
4863,783,4
4864,2448,9
4865,2939,1
4866,6323,9
4867,8310,10
4868,1525,4
4869,218,2
4870,5340,8
4871,2206,5
4872,5269,6
4873,1518,7
4874,2086,1
4875,8354,10
4876,8373,7
4877,1116,8
4878,6956,4
4879,803,5
4880,6631,5
4881,9343,8
4882,3702,11
4883,516,4
4884,2976,5
4885,404,7
4886,6953,5
4887,193,7
4888,9585,8
4889,9989,10
4890,5832,9
4891,8695,8
4892,7448,10
4893,8905,5
4894,8275,10
4895,3206,11
4896,9453,5
4897,5512,4
4898,2967,5
4899,8010,2
4900,497,1
4901,21,5
4902,9188,10
4903,6042,5
4904,4287,10
4905,7531,1
4906,6016,4
4907,8828,8
4908,2704,9
4909,9029,7
4910,2176,2
4911,5523,6
4912,8152,5
4913,2730,7
4914,4110,8
4915,4195,10
4916,6929,8
4917,2543,1
4918,1265,8
4919,4504,10
4920,7501,4
4921,6146,5
4922,2491,2
4923,7375,5
4924,9532,10
4925,8306,8
4926,7958,11
4927,7299,11
4928,3950,5
4929,8182,5
4930,7238,8
4931,9317,8
4932,7653,7
4933,536,9
4934,6896,8
4935,6588,8
4936,5242,5
4937,8938,4
4938,8556,5
4939,9658,4
4940,6875,4
4941,7309,10
4942,7106,10
4943,2981,3
4944,99,8
4945,8793,8
4946,9637,10
4947,7681,7
4948,2823,8
4949,1748,8
4950,5413,5
4951,1203,6
4952,4793,10
4953,3426,5
4954,2752,5
4955,967,10
4956,6436,5
4957,4524,8
4958,9141,8
4959,9318,11
4960,4399,8
4961,3378,8
4962,2615,9
4963,9410,8
4964,4631,9
4965,6222,8
4966,9308,10
4967,8863,7
4968,4451,7
4969,9707,4
4970,5690,8
4971,3513,8
4972,1125,5
4973,5500,6
4974,8997,7
4975,2102,8
4976,5530,10
4977,944,8
4978,7970,5
4979,4714,10
4980,4255,4
4981,74,8
4982,7504,2
4983,1722,4
4984,7255,1
4985,3553,5
4986,1624,7
4987,8439,2
4988,4457,10
4989,2723,8
4990,5026,8
4991,615,7
4992,6537,6
4993,2745,5
4994,7455,2
4995,9504,5
4996,8204,4
4997,8305,8
4998,9339,5
4999,5415,11
5000,6481,4
5001,6666,5
5002,4835,10
5003,6397,5
5004,2442,8
5005,1139,7
5006,1227,2
5007,6509,9
5008,3910,8
5009,3889,5
5010,5707,8
5011,8281,5
5012,7651,7
5013,5620,4
5014,8798,4
5015,8984,8
5016,9417,8
5017,714,4
5018,466,4
5019,2879,8
5020,4669,10
5021,5942,7
5022,9289,8
5023,7007,2
5024,9161,10
5025,2299,8
5026,6070,8
5027,6287,1
5028,4214,6
5029,4578,8
5030,9293,8
5031,8542,5
5032,4354,8
5033,5766,4
5034,9674,5
5035,5656,11
5036,9455,8
5037,2319,5
5038,6043,5
5039,1069,3
5040,5073,9
5041,7006,9
5042,8941,8
5043,2480,5
5044,991,8
5045,611,5
5046,477,2
5047,2863,7
5048,5225,7
5049,3974,8
5050,2682,1
5051,2867,1
5052,2041,11
5053,5686,5
5054,5421,3
5055,6341,5
5056,8252,11
5057,5549,4
5058,7359,8
5059,3047,8
5060,6995,8
5061,4836,4
5062,8915,8
5063,2849,8
5064,6867,2
5065,9239,8
5066,8521,8
5067,2649,7
5068,3007,1
5069,4818,5
5070,5108,3
5071,5261,8
5072,9561,1
5073,9730,11
5074,9357,1
5075,5227,3
5076,9112,6
5077,646,10
5078,2553,10
5079,1480,10
5080,5423,5
5081,7938,4
5082,7218,1
5083,5264,9
5084,5221,10
5085,3869,10
5086,1328,1
5087,5851,5
5088,6776,4
5089,9255,8
5090,9940,8
5091,1507,10
5092,1034,11
5093,4739,6
5094,207,8
5095,5292,5
5096,3033,10
5097,1634,5
5098,1746,8
5099,8939,8
5100,9655,6
5101,2662,8
5102,835,3
5103,9031,10
5104,5840,8
5105,4702,8
5106,5657,9
5107,7363,1
5108,1568,5
5109,7328,4
5110,8497,6
5111,432,5
5112,9409,8
5113,5320,11
5114,3619,8
5115,3914,8
5116,7227,8
5117,8996,5
5118,1763,8
5119,2955,9
5120,2192,7
5121,189,5
5122,4634,1
5123,5287,3
5124,5348,11
5125,1056,6
5126,3555,1
5127,8079,9
5128,7579,7
5129,4325,5
5130,5061,3
5131,6548,7
5132,4572,1
5133,8210,7
5134,4900,7
5135,882,8
5136,1047,5
5137,4746,1
5138,2400,7
5139,4450,2
5140,9033,9
5141,685,8
5142,9964,10
5143,2346,8
5144,1863,6
5145,785,5
5146,4588,8
5147,3977,5
5148,2167,7
5149,6813,4
5150,689,8
5151,6978,8
5152,9518,5
5153,7918,8
5154,901,8
5155,3621,11
5156,5262,8
5157,9177,7
5158,1576,8
5159,6018,5
5160,5663,5
5161,24,2
5162,4809,11
5163,4994,8
5164,3685,4
5165,9282,1
5166,8405,9
5167,9399,7
5168,7253,5
5169,9536,3
5170,5445,1
5171,3042,5
5172,345,1
5173,655,5
5174,4105,9
5175,367,11
5176,6220,4
5177,1808,1
5178,6011,8
5179,6326,8
5180,905,9
5181,6970,9
5182,9474,8
5183,7313,5
5184,2421,9
5185,6545,8
5186,5266,1
5187,3283,8
5188,5130,7
5189,947,1
5190,8031,9
5191,7239,11
5192,1943,8
5193,1215,9
5194,3524,7
5195,332,2
5196,8531,8
5197,4862,8
5198,521,8
5199,4954,8
5200,3382,8
5201,9311,5
5202,961,8
5203,9580,3
5204,5244,7
5205,4997,5
5206,7507,1
5207,1114,7
5208,5382,9
5209,5863,11
5210,9074,9
5211,9351,7
5212,1137,4
5213,7968,4
5214,3187,8
5215,8694,5
5216,8417,5
5217,3831,1
5218,4074,8
5219,8066,7
5220,3626,8
5221,9807,1
5222,9337,5
5223,3989,7
5224,6871,8
5225,8420,10
5226,2763,5
5227,1465,10
5228,2320,7
5229,6754,5
5230,2296,5
5231,5563,7
5232,8515,5
5233,7315,5
5234,4208,2
5235,2251,8
5236,6371,8
5237,7325,8
5238,6433,3
5239,9818,8
5240,2674,8
5241,3754,8
5242,2457,8
5243,7143,7
5244,2499,6
5245,4030,9
5246,6240,8
5247,4517,9
5248,3898,10
5249,3240,9
5250,8746,11
5251,1787,7
5252,575,5
5253,7936,2
5254,8716,2
5255,5747,5
5256,2048,3
5257,418,10
5258,4907,6
5259,7021,4
5260,1976,3
5261,4750,5
5262,3109,4
5263,3035,8
5264,8254,8
5265,8389,8
5266,3502,8
5267,8609,7
5268,350,6
5269,4019,5
5270,2671,5
5271,9675,5
5272,2837,2
5273,1777,8
5274,3389,6
5275,725,8
5276,382,5
5277,8413,8
5278,7138,8
5279,8141,7
5280,3596,3
5281,1725,8
5282,5104,7
5283,2178,5
5284,9264,9
5285,2253,8
5286,9719,7
5287,7951,8
5288,6903,9
5289,3764,1
5290,121,8
5291,7561,11
5292,9422,11
5293,7784,10
5294,5956,7
5295,2683,8
5296,2775,11
5297,6928,7
5298,741,3
5299,3693,8
5300,236,10
5301,5905,8
5302,3769,8
5303,727,8
5304,9210,10
5305,1910,1
5306,8365,11
5307,2520,9
5308,7343,5
5309,8582,6
5310,9200,5
5311,1295,8
5312,5658,8
5313,2185,5
5314,5859,8
5315,7089,2
5316,6529,10
5317,2850,8
5318,9656,11
5319,3979,11
5320,6895,3
5321,6295,5
5322,3982,8
5323,7574,8
5324,4915,10
5325,556,5
5326,8691,11
5327,7499,8
5328,90,7
5329,4066,8
5330,870,9
5331,5915,3
5332,9967,11
5333,6958,7
5334,6946,7
5335,9764,3
5336,919,8
5337,9897,8
5338,1801,8
5339,4737,10
5340,6512,7
5341,8643,8
5342,1982,10
5343,1257,5
5344,6693,3
5345,6488,5
5346,3781,5
5347,3779,8
5348,8961,9
5349,2197,6
5350,11,4
5351,9702,5
5352,3936,10
5353,1715,11
5354,1062,10
5355,4153,3
5356,6990,9
5357,4409,5
5358,401,10
5359,4493,1
5360,7246,4
5361,8700,1
5362,9898,8
5363,2265,5
5364,7689,8
5365,781,10
5366,6877,8
5367,1550,5
5368,4296,5
5369,8927,2
5370,1587,2
5371,5048,1
5372,4589,10
5373,3956,8
5374,5333,10
5375,929,2
5376,3317,10
5377,7726,10
5378,5289,8
5379,3566,5
5380,1791,8
5381,5559,4
5382,5722,8
5383,8680,5
5384,5715,8
5385,9290,5
5386,4555,5
5387,4413,5
5388,5638,7
5389,7466,1
5390,157,5
5391,3364,8
5392,6487,7
5393,8227,5
5394,5119,5
5395,6327,8
5396,1080,1
5397,4761,10
5398,874,4
5399,1008,9
5400,2055,5
5401,1840,1
5402,8111,8
5403,7077,9
5404,2668,8
5405,5066,8
5406,9237,9
5407,9047,8
5408,5090,7
5409,7910,4
5410,2002,5
5411,4068,3
5412,2963,3
5413,6755,7
5414,8393,5
5415,1135,8
5416,8871,10
5417,6449,4
5418,3815,6
5419,4899,9
5420,8833,7
5421,1915,5
5422,1301,9
5423,2568,8
5424,50,3
5425,3097,8
5426,6630,9
5427,8005,8
5428,259,10
5429,8205,9
5430,9378,11
5431,9092,4
5432,7822,6
5433,6214,5
5434,7440,9
5435,3427,1
5436,8377,5
5437,1938,5
5438,242,4
5439,496,10
5440,7737,9
5441,4529,7
5442,1918,10
5443,158,8
5444,4377,10
5445,5718,7
5446,5759,7
5447,6224,4
5448,2116,5
5449,2437,11
5450,6747,7
5451,8960,8
5452,9491,10
5453,4886,3
5454,5640,11
5455,4857,7
5456,1028,3
5457,1252,7
5458,2378,4
5459,6707,10
5460,6718,8
5461,1327,8
5462,437,3
5463,3286,8
5464,1014,8
5465,7649,11
5466,4177,7
5467,8605,8
5468,2685,10
5469,8052,5
5470,4295,8
5471,7182,8
5472,2932,7
5473,3582,10
5474,4132,10
5475,5746,2
5476,1744,1
5477,9366,5
5478,93,5
5479,6004,5
5480,7344,8
5481,5833,5
5482,5745,5
5483,4305,8
5484,719,7
5485,9303,8
5486,5037,9
5487,2625,5
5488,1078,8
5489,2864,8
5490,9015,10
5491,5488,3
5492,1947,10
5493,8922,4
5494,4170,9
5495,9137,10
5496,4923,5
5497,1183,8
5498,6204,6
5499,410,9
5500,9641,4
5501,6822,5
5502,6138,5
5503,9789,2
5504,4957,5
5505,2830,4
5506,9388,5
5507,3325,5
5508,3151,5
5509,7084,9
5510,9878,8
5511,2352,11
5512,6989,10
5513,8550,10
5514,9202,8
5515,8512,10
5516,5668,4
5517,6366,6
5518,9314,8
5519,1490,11
5520,6843,8
5521,2104,11
5522,3385,9
5523,709,8
5524,1524,5
5525,6664,6
5526,3916,3
5527,8973,10
5528,7646,7
5529,8584,8
5530,6883,2
5531,8692,5
5532,1310,8
5533,2902,7
5534,4922,9
5535,6940,10
5536,2611,8
5537,8899,2
5538,3322,9
5539,9554,10
5540,5328,5
5541,580,2
5542,509,10
5543,1984,5
5544,1153,11
5545,2580,2
5546,7402,10
5547,8386,10
5548,6740,6
5549,4485,8
5550,7882,5
5551,9552,9
5552,4777,5
5553,8415,4
5554,9513,5
5555,9468,2
5556,5355,8
5557,9168,9
5558,9749,10
5559,7503,8
5560,6198,8
5561,958,9
5562,7115,7
5563,5554,5
5564,1536,8
5565,1489,3
5566,2451,8
5567,6930,9
5568,9809,1
5569,1871,8
5570,1854,11
5571,9243,8
5572,7804,5
5573,825,10
5574,5992,4
5575,6938,8
5576,353,4
5577,3938,4
5578,3468,5
5579,1598,5
5580,2452,5
5581,8313,8
5582,5717,8
5583,8018,10
5584,5753,7
5585,1543,1
5586,1038,8
5587,9680,8
5588,6062,1
5589,5093,11
5590,1167,6
5591,1970,5
5592,8128,10
5593,8103,10
5594,3001,11
5595,2375,5
5596,9130,8
5597,1766,5
5598,8096,5
5599,3353,8
5600,7877,8
5601,940,9
5602,3218,2
5603,6983,8
5604,6081,8
5605,1270,8
5606,124,2
5607,2052,8
5608,5379,10
5609,7990,5
5610,7883,4
5611,9883,8
5612,3828,2
5613,6556,8
5614,4202,5
5615,5528,5
5616,9581,7
5617,770,5
5618,9475,7
5619,6494,9
5620,5794,9
5621,7389,9
5622,7297,10
5623,1142,8
5624,2770,8
5625,8056,11
5626,8269,4
5627,2827,10
5628,2716,3
5629,6094,8
5630,9284,8
5631,63,5
5632,3760,5
5633,1218,8
5634,7230,11
5635,3756,1
5636,2336,9
5637,3309,5
5638,3882,9
5639,779,8
5640,9211,5
5641,840,8
5642,6025,9
5643,4545,5
5644,4556,2
5645,151,9
5646,9066,8
5647,3198,5
5648,574,1
5649,3861,8
5650,2843,10
5651,8763,2
5652,2558,1
5653,4300,8
5654,5892,4
5655,5927,8
5656,4061,5
5657,6720,9
5658,9951,10
5659,3338,8
5660,7899,10
5661,2115,1
5662,8988,1
5663,4101,9
5664,8894,5
5665,6781,5
5666,1096,10
5667,8188,5
5668,3700,7
5669,6107,9
5670,4708,3
5671,7145,9
5672,3719,8
5673,1229,8
5674,4870,10
5675,6592,11
5676,2901,2
5677,3810,7
5678,2272,5
5679,3730,7
5680,2001,9
5681,2629,2
5682,7614,8
5683,1636,3
5684,7898,1
5685,1688,11
5686,3438,7
5687,2706,9
5688,6149,9
5689,4965,4
5690,1487,11
5691,1474,5
5692,7263,8
5693,273,7
5694,8371,10
5695,1737,1
5696,2033,5
5697,2920,9
5698,2129,9
5699,669,5
5700,7770,10
5701,6702,8
5702,1024,8
5703,1897,6
5704,3705,4
5705,1655,1
5706,2056,9
5707,3066,1
5708,7058,4
5709,1075,8
5710,9979,8
5711,6156,9
5712,6934,8
5713,2425,10
5714,5326,8
5715,5675,5
5716,376,5
5717,3886,10
5718,7079,8
5719,7629,9
5720,9727,4
5721,6139,1
5722,7337,8
5723,2782,4
5724,3679,2
5725,4780,8
5726,6957,8
5727,6131,5
5728,5862,8
5729,4391,9
5730,8164,1
5731,3761,3
5732,3321,9
5733,6377,4
5734,6593,5
5735,2307,8
5736,8701,10
5737,2994,8
5738,7608,7
5739,6675,5
5740,8943,9
5741,6188,3
5742,2959,1
5743,7090,8
5744,9390,6
5745,5474,7
5746,6695,9
5747,4602,5
5748,5889,4
5749,7720,1
5750,2241,5
5751,2136,7
5752,2560,8
5753,2996,5
5754,2091,5
5755,9866,1
5756,3193,5
5757,7012,8
5758,5822,1
5759,5626,6
5760,3387,7
5761,5867,7
5762,6694,3
5763,5367,8
5764,5543,7
5765,8127,5
5766,9397,7
5767,7949,7
5768,4867,8
5769,2904,7
5770,7161,2
5771,7647,8
5772,5486,10
5773,6354,8
5774,4892,8
5775,988,8
5776,8779,5
5777,8987,2
5778,80,10
5779,6850,2
5780,5666,4
5781,2392,1
5782,2285,5
5783,7340,5
5784,9745,1
5785,5062,8
5786,6705,8
5787,2570,7
5788,7470,8
5789,6665,9
5790,4865,9
5791,380,4
5792,5229,8
5793,3941,1
5794,5352,8
5795,7108,5
5796,2677,10
5797,4962,10
5798,8929,5
5799,3722,4
5800,8402,8
5801,6396,7
5802,3546,4
5803,4076,11
5804,5818,5
5805,6817,8
5806,5074,8
5807,2944,8
5808,3014,7
5809,7184,7
5810,8014,3
5811,8361,8
5812,4532,5
5813,8255,8
5814,9379,5
5815,1545,5
5816,2385,5
5817,2825,5
5818,3454,5
5819,7411,8
5820,9391,8
5821,1463,2
5822,8800,8
5823,9126,9
5824,1924,7
5825,2721,1
5826,1828,5
5827,9226,8
5828,1032,9
5829,3341,4
5830,502,6
5831,5223,9
5832,420,8
5833,8649,8
5834,3053,4
5835,8299,11
5836,6835,5
5837,6729,5
5838,8198,1
5839,751,10
5840,2984,1
5841,8814,5
5842,8552,7
5843,4139,10
5844,9893,5
5845,4988,9
5846,1081,8
5847,8884,7
5848,5013,7
5849,1989,8
5850,9493,8
5851,1817,2
5852,4782,11
5853,677,1
5854,6033,2
5855,5360,10
5856,1365,1
5857,3577,10
5858,5830,7
5859,3868,8
5860,9016,8
5861,8360,8
5862,9903,1
5863,6560,4
5864,9936,8
5865,2146,6
5866,2573,5
5867,8341,10
5868,5733,6
5869,6668,5
5870,8897,7
5871,106,5
5872,18,8
5873,1281,5
5874,2454,11
5875,5003,4
5876,6557,9
5877,2971,10
5878,1559,10
5879,4331,8
5880,7413,9
5881,7136,10
5882,6907,5
5883,2370,8
5884,2514,7
5885,2410,10
5886,5440,4
5887,4075,4
5888,7671,9
5889,5192,9
5890,7566,7
5891,3262,8
5892,4495,5
5893,1166,5
5894,8892,9
5895,1010,8
5896,2112,9
5897,4380,8
5898,2460,5
5899,7210,9
5900,44,3
5901,1920,9
5902,3687,7
5903,2930,1
5904,6434,8
5905,1286,8
5906,5220,1
5907,1496,5
5908,3520,11
5909,9436,8
5910,7713,7
5911,6576,8
5912,362,1
5913,3394,8
5914,4197,5
5915,4055,10
5916,3022,10
5917,459,5
5918,4958,7
5919,5010,4
5920,9191,9
5921,6375,11
5922,4828,1
5923,1501,1
5924,9821,8
5925,8240,10
5926,979,8
5927,7940,8
5928,6466,3
5929,2063,10
5930,1613,8
5931,3288,9
5932,5761,5
5933,9892,9
5934,5548,10
5935,1953,5
5936,8626,7
5937,2059,4
5938,8262,8
5939,1133,10
5940,6767,2
5941,6581,2
5942,3541,4
5943,7071,5
5944,3894,4
5945,352,2
5946,9036,1
5947,5040,2
5948,8288,3
5949,2862,1
5950,2933,7
5951,544,9
5952,6628,7
5953,3181,5
5954,8976,10
5955,5764,8
5956,5484,7
5957,2361,10
5958,3901,7
5959,7494,8
5960,7915,5
5961,1849,9
5962,4159,10
5963,5373,8
5964,7976,5
5965,4104,10
5966,4350,8
5967,8948,8
5968,7790,7
5969,9795,5
5970,5120,7
5971,6246,7
5972,8526,10
5973,7920,8
5974,2010,8
5975,1433,7
5976,1001,5
5977,6283,5
5978,1336,8
5979,4008,3
5980,2493,9
5981,1950,8
5982,7178,8
5983,3403,8
5984,190,9
5985,5426,5
5986,3537,4
5987,7935,2
5988,7794,8
5989,7620,7
5990,8596,7
5991,618,7
5992,778,10
5993,2151,9
5994,2316,11
5995,2070,11
5996,946,5
5997,5748,4
5998,4698,5
5999,9677,9
6000,4633,7
6001,6267,8
6002,4839,8
6003,1809,5
6004,4745,5
6005,6739,8
6006,2391,11
6007,8184,8
6008,3224,7
6009,1458,9
6010,5257,5
6011,7474,2
6012,9631,10
6013,8921,7
6014,3261,8
6015,4174,7
6016,4189,8
6017,5009,5
6018,8092,1
6019,9213,8
6020,7333,5
6021,7252,6
6022,3887,7
6023,7361,7
6024,7495,11
6025,1591,8
6026,168,2
6027,4256,5
6028,729,6
6029,1805,7
6030,1807,8
6031,9908,10
6032,2504,1
6033,1473,11
6034,2204,7
6035,5958,5
6036,3000,5
6037,9412,2
6038,9701,8
6039,414,8
6040,9823,10
6041,913,4
6042,1299,1
6043,8477,5
6044,5610,9
6045,3460,10
6046,8642,10
6047,2527,10
6048,1413,9
6049,356,8
6050,2637,8
6051,4927,8
6052,9081,1
6053,8016,4
6054,3860,1
6055,6007,3
6056,4590,11
6057,3433,11
6058,6367,5
6059,9909,8
6060,1865,5
6061,8712,8
6062,746,2
6063,8658,8
6064,486,7
6065,2135,8
6066,5683,8
6067,1964,5
6068,3640,8
6069,5556,10
6070,2807,11
6071,6278,10
6072,2797,3
6073,2508,8
6074,593,6
6075,2066,9
6076,5900,8
6077,3162,4
6078,1855,8
6079,5949,8
6080,3569,9
6081,6284,8
6082,494,5
6083,9019,7
6084,9642,4
6085,3495,8
6086,1872,10
6087,647,5
6088,9496,11
6089,4472,1
6090,9011,9
6091,134,2
6092,4618,10
6093,7047,8
6094,923,8
6095,8076,7
6096,740,5
6097,1925,9
6098,4622,10
6099,2858,10
6100,9743,3
6101,4415,4
6102,339,5
6103,6647,8
6104,8308,11
6105,8953,10
6106,765,10
6107,343,1
6108,1349,9
6109,1710,10
6110,5166,8
6111,7832,1
6112,7581,8
6113,1818,7
6114,1590,11
6115,7027,5
6116,4239,10
6117,3503,1
6118,62,6
6119,8911,8
6120,7519,4
6121,2481,8
6122,8276,6
6123,8669,9
6124,9305,5
6125,3401,11
6126,6927,8
6127,8776,4
6128,9957,8
6129,5946,8
6130,4894,2
6131,6518,8
6132,5842,1
6133,6682,2
6134,73,11
6135,2445,1
6136,2815,5
6137,9132,5
6138,9864,7
6139,2820,6
6140,1793,10
6141,5916,10
6142,6749,10
6143,2868,3
6144,4323,1
6145,7060,8
6146,5768,5
6147,922,3
6148,4534,7
6149,8745,7
6150,6370,3
6151,9825,7
6152,295,5
6153,1701,8
6154,8567,7
6155,2133,9
6156,2254,9
6157,6774,7
6158,9105,10
6159,6833,8
6160,8481,7
6161,3856,8
6162,3795,8
6163,9798,8
6164,8167,5
6165,6140,9
6166,2922,6
6167,8767,8
6168,8137,8
6169,1268,1
6170,7894,8
6171,9175,11
6172,821,5
6173,5765,9
6174,6799,8
6175,2365,5
6176,1988,5
6177,194,9
6178,1191,7
6179,5052,5
6180,8654,1
6181,9065,10
6182,7496,8
6183,8108,8
6184,9726,10
6185,9276,11
6186,6534,3
6187,2292,8
6188,3833,8
6189,2895,9
6190,1105,4
6191,1063,7
6192,2227,5
6193,1781,11
6194,6508,8
6195,3654,9
6196,5795,2
6197,133,10
6198,828,10
6199,1074,5
6200,7943,8
6201,5790,8
6202,9156,9
6203,3755,5
6204,5595,11
6205,5531,8
6206,4143,3
6207,5660,1
6208,8502,5
6209,5883,8
6210,3794,4
6211,8956,8
6212,5102,8
6213,4316,11
6214,3681,1
6215,9416,2
6216,387,6
6217,3494,9
6218,4290,7
6219,2676,5
6220,4604,8
6221,197,8
6222,5804,8
6223,9815,1
6224,7204,7
6225,9039,4
6226,8999,8
6227,3296,8
6228,9938,8
6229,9820,4
6230,4384,7
6231,3114,8
6232,9076,10
6233,1381,1
6234,4733,10
6235,2821,5
6236,3708,7
6237,5695,9
6238,2645,10
6239,6734,5
6240,1676,9
6241,8869,5
6242,3393,8
6243,3200,10
6244,2273,8
6245,1603,2
6246,6350,8
6247,5490,5
6248,8431,8
6249,2014,9
6250,6888,6
6251,8754,5
6252,4484,6
6253,5849,8
6254,9904,5
6255,6868,8
6256,3746,11
6257,6963,8
6258,7197,4
6259,3452,2
6260,4736,7
6261,5441,5
6262,8112,2
6263,8174,5
6264,1560,8
6265,6037,7
6266,3170,9
6267,6124,4
6268,2695,1
6269,8145,5
6270,695,9
6271,3142,8
6272,5567,8
6273,9014,9
6274,9751,3
6275,5106,1
6276,3015,10
6277,9440,8
6278,6715,8
6279,7023,8
6280,337,7
6281,6553,8
6282,3798,5
6283,5888,5
6284,1946,6
6285,1309,10
6286,6292,6
6287,4346,9
6288,5256,10
6289,7119,9
6290,9049,1
6291,3496,2
6292,3363,1
6293,5368,2
6294,957,9
6295,4790,9
6296,3735,8
6297,3948,5
6298,510,10
6299,2469,11
6300,4684,7
6301,4031,6
6302,5720,8
6303,5105,5
6304,6674,11
6305,7896,2
6306,7159,8
6307,1521,11
6308,6276,9
6309,3859,8
6310,7706,2
6311,8272,10
6312,2859,8
6313,9614,8
6314,7987,10
6315,5469,7
6316,9843,6
6317,9553,10
6318,2054,8
6319,8335,4
6320,6238,1
6321,7338,8
6322,7900,10
6323,3367,6
6324,9644,3
6325,3728,8
6326,4388,4
6327,3552,7
6328,2173,8
6329,9184,4
6330,6076,8
6331,7445,8
6332,2314,8
6333,9800,8
6334,1571,1
6335,8562,5
6336,7141,8
6337,7512,9
6338,9406,3
6339,4774,1
6340,7166,8
6341,4234,4
6342,9928,9
6343,9498,9
6344,4369,1
6345,2483,8
6346,2310,10
6347,8591,5
6348,2184,10
6349,9921,8
6350,1343,11
6351,4889,5
6352,5103,8
6353,5546,10
6354,3448,10
6355,383,9
6356,1124,8
6357,9460,2
6358,6419,8
6359,348,1
6360,1417,4
6361,8399,11
6362,2182,5
6363,839,8
6364,9932,10
6365,8852,8
6366,9543,5
6367,4741,1
6368,3858,7
6369,6462,2
6370,8890,8
6371,9259,1
6372,1437,8
6373,9810,9
6374,4178,5
6375,4059,8
6376,8977,5
6377,8291,7
6378,6102,8
6379,4242,10
6380,9456,8
6381,2021,5
6382,1632,9
6383,9666,8
6384,8192,2
6385,5285,8
6386,6697,5
6387,5183,10
6388,3789,5
6389,5117,1
6390,1242,5
6391,8280,2
6392,6161,7
6393,6973,1
6394,8119,2
6395,4970,9
6396,439,7
6397,6233,4
6398,6340,8
6399,1876,5
6400,8619,8
6401,196,2
6402,1450,7
6403,8616,6
6404,7502,8
6405,3787,7
6406,1640,8
6407,3767,5
6408,1798,1
6409,4115,8
6410,996,5
6411,4445,8
6412,6544,8
6413,4699,1
6414,5928,11
6415,8652,7
6416,8644,2
6417,3786,3
6418,6640,1
6419,850,8
6420,1064,5
6421,8553,1
6422,8993,10
6423,3965,8
6424,8143,8
6425,2612,4
6426,5965,7
6427,4901,8
6428,6096,8
6429,8435,9
6430,4003,5
6431,6171,11
6432,2941,6
6433,1790,1
6434,4261,7
6435,7278,11
6436,5995,10
6437,7406,11
6438,8968,7
6439,1412,10
6440,2418,8
6441,3248,9
6442,3,7
6443,9848,5
6444,6172,10
6445,8408,9
6446,462,2
6447,1276,7
6448,1669,7
6449,2883,8
6450,2872,6
6451,4182,10
6452,433,6
6453,1780,2
6454,6105,5
6455,4869,2
6456,5243,5
6457,8940,8
6458,6020,5
6459,5507,10
6460,9856,3
6461,9735,8
6462,875,8
6463,8620,8
6464,6322,1
6465,702,10
6466,7456,8
6467,4233,8
6468,5680,8
6469,7932,5
6470,8684,5
6471,8681,5
6472,4486,7
6473,3953,9
6474,9183,9
6475,3822,8
6476,2526,7
6477,871,10
6478,7332,7
6479,2586,8
6480,5505,5
6481,2948,7
6482,6041,3
6483,4266,5
6484,1042,10
6485,185,1
6486,5165,8
6487,4500,8
6488,7584,8
6489,2081,7
6490,5288,1
6491,5071,3
6492,2853,8
6493,265,8
6494,2814,8
6495,1792,4
6496,7054,5
6497,3409,5
6498,7625,10
6499,9024,5
6500,3695,8
6501,7868,6
6502,6598,10
6503,1749,3
6504,3073,11
6505,8197,7
6506,251,8
6507,7798,9
6508,9596,8
6509,5922,7
6510,6475,10
6511,6349,5
6512,9862,8
6513,5621,10
6514,7081,5
6515,1890,5
6516,3168,4
6517,7273,5
6518,5809,3
6519,8849,10
6520,4837,5
6521,109,5
6522,2654,4
6523,8228,10
6524,2189,8
6525,4625,4
6526,8501,9
6527,2105,7
6528,5155,11
6529,1094,7
6530,5547,6
6531,4465,10
6532,1941,4
6533,8490,2
6534,5701,7
6535,6000,5
6536,2658,5
6537,4609,10
6538,860,5
6539,9215,8
6540,1233,5
6541,7005,5
6542,4489,9
6543,2712,1
6544,1821,8
6545,5086,8
6546,5378,8
6547,3172,4
6548,3548,8
6549,5788,8
6550,637,8
6551,7826,10
6552,9128,5
6553,3907,10
6554,6525,5
6555,7782,8
6556,3782,9
6557,739,8
6558,1832,8
6559,6507,2
6560,9270,1
6561,5397,4
6562,2511,8
6563,3709,4
6564,6863,8
6565,8020,7
6566,5493,8
6567,7480,8
6568,873,9
6569,4477,10
6570,6457,5
6571,7216,5
6572,8713,5
6573,4955,8
6574,307,8
6575,7549,7
6576,3733,5
6577,4338,4
6578,5402,5
6579,8187,10
6580,4772,8
6581,2737,9
6582,1173,2
6583,9071,10
6584,6568,2
6585,2291,5
6586,138,4
6587,4302,8
6588,832,7
6589,2071,6
6590,3813,8
6591,2524,8
6592,471,8
6593,7744,4
6594,6332,8
6595,3587,6
6596,5359,9
6597,280,5
6598,7848,8
6599,2793,8
6600,3611,9
6601,4498,5
6602,23,9
6603,9541,2
6604,5114,8
6605,4246,4
6606,4906,9
6607,8312,7
6608,5137,8
6609,481,8
6610,1717,8
6611,869,9
6612,2284,8
6613,4921,4
6614,4973,10
6615,4152,10
6616,4311,6
6617,628,6
6618,1145,4
6619,1404,9
6620,5688,7
6621,3943,3
6622,6873,8
6623,1969,4
6624,620,5
6625,3371,3
6626,1659,8
6627,9359,9
6628,7799,10
6629,9523,8
6630,7024,9
6631,5477,11
6632,7933,9
6633,6527,8
6634,8338,5
6635,1356,7
6636,5479,2
6637,5800,1
6638,2201,10
6639,9574,1
6640,4212,9
6641,8009,5
6642,1772,8
6643,941,5
6644,5294,5
6645,4584,1
6646,9420,8
6647,8732,3
6648,313,8
6649,6663,8
6650,4674,5
6651,617,7
6652,4624,11
6653,4138,8
6654,9610,10
6655,5755,10
6656,7305,8
6657,9472,5
6658,7686,8
6659,8138,5
6660,9725,3
6661,4112,1
6662,2332,7
6663,8460,7
6664,688,10
6665,3486,4
6666,3225,7
6667,8375,8
6668,9587,10
6669,9948,5
6670,199,7
6671,716,8
6672,8196,10
6673,5439,7
6674,7242,8
6675,9844,1
6676,2697,10
6677,5850,5
6678,7200,8
6679,1134,11
6680,130,10
6681,2561,7
6682,5259,8
6683,1610,11
6684,9448,5
6685,9295,11
6686,8484,5
6687,4021,1
6688,1981,10
6689,2604,1
6690,4565,8
6691,6383,5
6692,3104,2
6693,7569,2
6694,3336,4
6695,7688,10
6696,8321,9
6697,5502,10
6698,6962,8
6699,7797,11
6700,2339,8
6701,8696,10
6702,2574,8
6703,6777,8
6704,7707,8
6705,3809,11
6706,3379,8
6707,1927,2
6708,4497,10
6709,4226,5
6710,5881,9
6711,5504,5
6712,4875,1
6713,3294,5
6714,440,2
6715,8051,5
6716,6416,11
6717,7421,5
6718,4079,10
6719,6997,5
6720,9281,5
6721,2077,10
6722,3599,5
6723,4649,10
6724,4723,8
6725,9611,8
6726,3961,10
6727,4275,7
6728,1098,1
6729,4544,7
6730,1350,5
6731,5383,2
6732,7849,3
6733,4913,8
6734,9329,5
6735,5253,8
6736,3135,2
6737,5314,3
6738,2100,8
6739,2498,8
6740,1814,8
6741,1597,9
6742,3854,5
6743,2099,9
6744,9579,8
6745,7290,8
6746,2565,2
6747,3020,5
6748,4732,11
6749,7866,8
6750,6538,8
6751,8345,8
6752,1033,2
6753,1379,8
6754,2124,9
6755,7714,5
6756,3915,8
6757,6382,3
6758,369,11
6759,7517,11
6760,9537,8
6761,7418,11
6762,2795,8
6763,3425,7
6764,5092,1
6765,6163,2
6766,972,1
6767,7032,10
6768,6609,10
6769,8507,8
6770,8966,5
6771,8737,5
6772,445,6
6773,7605,10
6774,9852,2
6775,8001,5
6776,4050,1
6777,936,8
6778,5820,5
6779,7188,7
6780,9684,8
6781,1760,3
6782,6395,8
6783,9441,10
6784,5388,5
6785,7269,5
6786,3234,3
6787,3188,8
6788,8155,10
6789,4247,2
6790,5358,5
6791,9835,1
6792,3880,2
6793,6564,8
6794,7168,9
6795,27,1
6796,3620,7
6797,4096,9
6798,9582,11
6799,8479,8
6800,96,8
6801,733,10
6802,5054,11
6803,7668,5
6804,5966,5
6805,8061,8
6806,2653,11
6807,1049,5
6808,1631,8
6809,8537,9
6810,7059,1
6811,7767,8
6812,9247,10
6813,6029,8
6814,4052,4
6815,6005,2
6816,8809,1
6817,393,7
6818,5204,5
6819,736,5
6820,5219,10
6821,1968,7
6822,8448,9
6823,8337,1
6824,8328,4
6825,4935,2
6826,7140,4
6827,5168,8
6828,7989,5
6829,1916,11
6830,4437,2
6831,7452,1
6832,4548,8
6833,3838,8
6834,6840,8
6835,7837,5
6836,7966,10
6837,7693,7
6838,9657,2
6839,2453,3
6840,262,7
6841,3410,8
6842,1741,5
6843,1168,8
6844,3469,5
6845,5634,6
6846,8265,8
6847,5277,5
6848,806,8
6849,86,7
6850,8303,8
6851,9291,8
6852,7066,10
6853,6823,8
6854,2533,5
6855,6474,8
6856,6790,5
6857,1695,5
6858,2282,8
6859,9599,5
6860,1023,6
6861,2576,9
6862,6046,9
6863,6379,9
6864,2634,5
6865,8613,8
6866,1883,6
6867,1409,5
6868,6735,6
6869,5562,11
6870,3083,10
6871,7874,4
6872,7564,5
6873,3264,7
6874,6541,1
6875,8739,9
6876,1187,5
6877,2219,10
6878,665,10
6879,3100,5
6880,9793,5
6881,6616,7
6882,6926,10
6883,2417,7
6884,5539,8
6885,5875,9
6886,2579,10
6887,5025,9
6888,7483,8
6889,5302,8
6890,2655,5
6891,7192,2
6892,700,7
6893,3457,8
6894,9051,7
6895,8749,3
6896,2965,5
6897,6223,8
6898,7550,5
6899,4502,4
6900,8433,8
6901,4820,5
6902,9961,5
6903,8963,8
6904,6757,9
6905,5012,9
6906,7975,5
6907,2277,8
6908,2623,9
6909,978,10
6910,1956,1
6911,9165,7
6912,7941,9
6913,3966,7
6914,3214,5
6915,5874,5
6916,5673,6
6917,1216,5
6918,8918,10
6919,2743,7
6920,7813,9
6921,9414,8
6922,3069,5
6923,1891,8
6924,2773,8
6925,4080,6
6926,2357,9
6927,2408,8
6928,2247,8
6929,4561,10
6930,3990,1
6931,539,8
6932,7818,10
6933,9905,1
6934,7747,10
6935,5193,7
6936,4039,1
6937,480,10
6938,6657,5
6939,5200,5
6940,6471,5
6941,9244,4
6942,776,9
6943,6751,9
6944,6841,7
6945,6523,11
6946,6658,7
6947,1370,4
6948,2196,4
6949,3025,5
6950,582,11
6951,9398,1
6952,8730,7
6953,3917,5
6954,2622,6
6955,7559,7
6956,9713,8
6957,6750,9
6958,2231,2
6959,5085,8
6960,4088,7
6961,4273,9
6962,7381,8
6963,5325,5
6964,966,10
6965,152,8
6966,7755,5
6967,1747,8
6968,2274,8
6969,3106,5
6970,7639,8
6971,7268,8
6972,1385,7
6973,8870,7
6974,9381,5
6975,5153,5
6976,5247,8
6977,5079,9
6978,1673,8
6979,5425,5
6980,5252,3
6981,3003,5
6982,4751,8
6983,9847,8
6984,9319,8
6985,4537,7
6986,5457,9
6987,5930,8
6988,5385,10
6989,8893,7
6990,9973,5
6991,9108,8
6992,7484,8
6993,7104,10
6994,6884,8
6995,7870,8
6996,333,1
6997,6168,7
6998,3545,5
